-- ============================================================================
-- PradoTube Schema Migration: 04_data_small_tables.sql
-- Auto-generated data dump for all tables except videos.
-- ============================================================================

BEGIN;

-- channels: 59 rows
INSERT INTO pradotube.channels (youtube_id, title, description, custom_url, thumbnail_url, banner_url, subscriber_count, subscriber_count_hidden, video_count, view_count, published_at, fetched_at, videos_fetched_at, created_at) VALUES
  ('UCTHDPeOUn0xGxsKv6j_-oZQ', 'Blippi Plays - Video Games for Kids', 'Find Blippis on Roblox! Discover a world of fun challenges and cheeky Blippis hidden around town! 
Play the game NOW: https://www.roblox.com/games/14834598561/Blippis-Playground 

ABOUT FIND THE BLIPPIS!

Get ready for a treasure hunt in Find the Blippis! 💙🧡

Blippi has the best digital playground around on Roblox and there are so many versions of him; from Bus Driver Blippi to the Statue of Blipperty - can you spot all the Blippis on Roblox? Feed your curiosity while you play in ball pits, dive underwater, uncover dinosaur bones, and so much more. Blippi loves singing, dancing, playing, exploring and hiding, so come and find the Blippis! How many will you find? 

SOCIAL MEDIA LINKS!

ROBLOX: https://www.roblox.com/games/14834598561/Blippis-Playground 
MUSIC: https://lnk.to/BlippiYTB 
INSTAGRAM: https://www.instagram.com/blippi 
FACEBOOK: https://www.facebook.com/Blippi 
TIKTOK: https://www.tiktok.com/@blippi 
BLIPPI: https://blippi.com/ 
MOONBUG: https://www.moonbug.com/about 
', '@blippiroblox', 'https://yt3.ggpht.com/978akw6HJD9duFR3o30MWV0IbqWVSbeIa7tCTBl_rVxJXw6QxkYpp3fDmfH2mBsGUKTqNSJDuA=s800-c-k-c0x00ffffff-no-rj', 'https://yt3.googleusercontent.com/mM92pJUKcb7_vR9xhld75lHxbC8asrbz0XfJDqC6l8xX0tHwNfOsyVm2v-OmWu2jTvijc6U0', 317000, false, 632, 183852599, '2023-10-10T14:20:55.320909+00:00', '2026-03-21T01:33:31.871+00:00', NULL, '2026-03-21T01:33:30.659148+00:00'),
  ('UCj-GAUi7XDsAF2BJ7IBqLdg', 'Blippi and Meekah Best Friend Adventures', 'Come explore the wonderous world of Blippi and Meekah! Join Blippi and Meekah on their educational adventures across colorful playgrounds and play places, cool field trips to theme parks and waterslides and learn some cool science experiments and arts and crafts. Get ready to travel with best friends all across the world.  There are so many exciting things to explore and learn. Feed your kids’ curiosity while they learn about colors, numbers, vehicles, animals, and most importantly, what it means to be a good best friend.

Make sure to subscribe for more Blippi and Meekah Best Friend Adventures videos ► https://www.youtube.com/channel/UCj-GAUi7XDsAF2BJ7IBqLdg?sub_confirmation=1

Music ► https://blippi.lnk.to/BlippiCompleteCollectionYT
Instagram ► https://www.instagram.com/blippi
Facebook ► https://www.facebook.com/Blippi 
TikTok ► https://www.tiktok.com/@blippi
Moonbug ► https://www.moonbug.com/about

', '@blippiandmeekah', 'https://yt3.ggpht.com/k8xWwm2zEukayIT6nq73TJ1Q-4oLT9by56LX0EHaWpA-7D4AGlsoXPsgLUyo5W-TynE8OGKZ=s800-c-k-c0x00ffffff-no-rj', 'https://yt3.googleusercontent.com/Ce5OL-5b7nDtQ9V3Chfwym1eR3TyNkKx-R0eH0BJ_8YDj667jVECejzmHqTntmZQR7CFCGIn', 1790000, false, 739, 1634335831, '2022-11-16T15:35:59.469587+00:00', '2026-03-21T01:33:43.244+00:00', NULL, '2026-03-21T01:33:44.260654+00:00'),
  ('UCxaS4JFV0AHPwVXw-2GM00w', 'Aaron & LB Official - Fun Questers', 'The official account of Aaron & LB, the Fun Questers. We''re the father & son team who are always on a quest for family fun activities.

Please SUBSCRIBE to Fun Questers and ring the BELL for our latest videos!
', '@funquesters', 'https://yt3.ggpht.com/NLUgVh1FXUi8wtOlIaON5ezeTdNhZPs3XRBkqLmBc7rZgVZoPDSh-d9oN9_7QbnQwn4sWhUo=s800-c-k-c0x00ffffff-no-rj', 'https://yt3.googleusercontent.com/SzH1q2UjiGbpN8lCwTifqVWUYbEva_Lmhr88Q0Pzq2496HTX4EyCV2DMyggI5474C9W4EwKAoXM', 40400, false, 75, 21660187, '2021-04-23T15:33:20.400435+00:00', '2026-03-20T08:33:27.556+00:00', '2026-03-20T21:34:08.192+00:00', '2026-03-20T08:33:28.009232+00:00'),
  ('UCqrdqFnxnZ_3TUYYK5yGi8g', 'Brook and Riley', '🩵FUNNY ROBLOX CONTENT❤️
', '@brookandriley', 'https://yt3.ggpht.com/wV5BO_YK3xi3NYc_1UiKq7O4QozaMIDu1IdhK7Pp59iMe6-Wg429ADyFaz05K0j3d072Pr9uQw=s800-c-k-c0x00ffffff-no-rj', 'https://yt3.googleusercontent.com/V9jTdBfTlBxKEQGbfWDsLgNeLTg58WxqUIuW0WKKhjxskm-y7I2Khv_zBTokY6jK7SJtpFknqQ', 476000, false, 506, 107087598, '2025-01-11T01:49:11.233227+00:00', '2026-03-20T22:16:40.102+00:00', NULL, '2026-03-20T22:16:41.050883+00:00'),
  ('UC5MjLXU6r4hhTE39CAekJhw', 'Riley', 'Hello! My name is Riley and welcome to my roblox gaming channel! 

Subscribe if you LOVE TACOS! 🌮😍
For Business: rileybloxrp@gmail.com
', '@rileybrookhaven', 'https://yt3.ggpht.com/PcyhoZAAODlzxPGpEQROij9dmUhXmSYLfyo701o90BIk27wGTz2K5dr-2LPPsyBBykYdFe7V8w=s800-c-k-c0x00ffffff-no-rj', 'https://yt3.googleusercontent.com/EX4v4Wku_aEg4O19Iqkg2oTD0nsIlXtuFXrMxVaPbweBIGCxrAFq80x0U4DMuQca4xjpLgO-pw', 204000, false, 84, 22564702, '2024-05-31T14:20:09.28038+00:00', '2026-03-20T22:16:45.612+00:00', NULL, '2026-03-20T22:16:46.479504+00:00'),
  ('UCL2lwTSHylLKTeqjIfIBoig', 'BrookBlox', '🌸YouTube Queen🌸
', '@brookrblx', 'https://yt3.ggpht.com/lLY7frE9LwYBp0ayOUS2SYyztkzv2pvGizm2Y4t6N2V2mj66jqhYtVYn53C_8ApG38vsMMW8=s800-c-k-c0x00ffffff-no-rj', 'https://yt3.googleusercontent.com/luz_odS4flSodLIwSDvQp8V1Mo0KgeuF8gjqSdr5rASS7Et3XNerB86pfFHafjjFKG1FpTbiurg', 497000, false, 214, 82732496, '2022-05-17T18:32:13.601314+00:00', '2026-03-20T22:17:03.843+00:00', NULL, '2026-03-20T22:17:04.726078+00:00'),
  ('UCPzIK6Bgv94MuhFXfHzdXmw', 'BrookTV', 'Welcome to BROOKTV! This is where you can watch all of my Roleplay Movies!', '@brookrobloxtv', 'https://yt3.ggpht.com/Mpd0is_Hu7NIghDVBAHITd0e1u_vXkCDcIWHPHxzD5h1xrHY2A10xUqTPqibtELRl8j4V41j=s800-c-k-c0x00ffffff-no-rj', 'https://yt3.googleusercontent.com/KwVbI_H3C7elF2fcoFISiu479XtFicKRWhUqB4Ja86KI_-UTb5XM7E1zTqN-eVhFT3XGzaf8Ucc', 193000, false, 62, 29258067, '2024-10-15T16:19:05.177623+00:00', '2026-03-20T22:17:10.158+00:00', NULL, '2026-03-20T22:17:11.01767+00:00'),
  ('UCOfyvsftRqM5yyqpT392b4A', 'Dash Roblox', '', '@daashr', 'https://yt3.ggpht.com/Gj3nDHNUSHr4I01FY4vk0QSFuRGhTZZ470odcrRBZKjBH3ob7twISfV0uFJk1QOzgmkD9TusaQ=s800-c-k-c0x00ffffff-no-rj', NULL, 1410000, false, 1267, 842147388, '2024-03-06T00:22:01.296694+00:00', '2026-03-20T22:21:07.052+00:00', NULL, '2026-03-20T22:21:08.182587+00:00'),
  ('UCtNxjL-8WeFZ6LbfrOYgNoQ', 'Dash Empire', 'The Best Gaming Channel In This Universe , multiverse , Omniverse 

For Business Enquiry- dashempireofficial@gmail.com
', '@dashempireog', 'https://yt3.ggpht.com/ytc/AIdro_n9f8aW2v6NoPLc7LvHfCP7-bBoKbVGQEmzTm2g-E44Wzk=s800-c-k-c0x00ffffff-no-rj', 'https://yt3.googleusercontent.com/32gPeIqsV6xIj5zBEb1cJiFw-oPVjCGB1hGTzqROslZMA6uSzAfs06AeQacjaJzSX9x4dG90K8c', 2250000, false, 439, 569621452, '2020-12-03T13:55:22.691234+00:00', '2026-03-20T22:21:24.17+00:00', NULL, '2026-03-20T22:21:25.087686+00:00'),
  ('UCpHCfDBZ3AJyuofz6DHy-ew', 'Dash', 'charismatic Minecraft YouTuber', '@dash-mc', 'https://yt3.ggpht.com/l_Uzqwve7_Wc7F9uv0-yVs5zQ0I3lxMpvK9J01y53GFfYFAEXOK-OGUdfIorofUE9niKZ9vaQA=s800-c-k-c0x00ffffff-no-rj', 'https://yt3.googleusercontent.com/wDFWSCVoMZRKdTZKGlvpJ6cpS-9_G8pkNa6m5pU_dcwTraRbgQW3kjKrDA3Dx6SuP_xYbPS4NA', 1660000, false, 1446, 932400306, '2023-01-10T17:42:33.080126+00:00', '2026-03-20T22:25:35.811+00:00', NULL, '2026-03-20T22:25:36.878827+00:00'),
  ('UCJykHJfN9FHtf79IgYE00zg', 'T-Rex Ranch - Dinosaurs For Kids', 'Follow the Park Rangers of T-Rex Ranch on their action-packed dinosaur adventures!

🎈 🎉 We Hit 3 Million Subs! Thanks Dino Fans  🎉🎈

Check our NEW #shorts every Saturday 🦖🦕

T-Rex Ranch is a favorite of kids aged between 4 and 8, with its imaginative storylines and CGI dinosaurs that entertain while teaching kids about the natural and prehistoric world.

SUBSCRIBE for new episodes!

About Moonbug: 

Moonbug Entertainment is behind some of the most popular kids’ titles in the world. Moonbug''s shows include global sensations CoComelon, Blippi, Little Baby Bum, My Magic Pet Morphle, Supa Strikas, Go Buster, Playtime with Twinkle, Gecko’s Garage, ARPO and many more. Moonbug''s titles are available in 27 languages on all major streaming platforms.

Music: https://moonbug.lnk.to/NRBabiesYT!About
Instagram: https://www.instagram.com/moonbugentertainment/
Facebook: https://www.facebook.com/MoonbugEntertainment
Website: https://www.moonbug.com/about
', '@trexranch', 'https://yt3.ggpht.com/ytc/AIdro_nDdP4mFuzNbkJ37wc4QMjwLBzailRFmeZhxXNvySRV_gM=s800-c-k-c0x00ffffff-no-rj', 'https://yt3.googleusercontent.com/22R05-g56lVud2s-8i3HSFNehDENjMYaYOYPNQxUcIxVdC-baxMExt3xX_HRAmkAM9lY_JiMbO0', 3210000, false, 1236, 3673122867, '2014-06-04T19:46:46+00:00', '2026-03-21T01:23:41.625+00:00', NULL, '2026-03-21T01:23:42.62931+00:00'),
  ('UC-Gm4EN7nNNR3k67J8ywF4g', 'Blippi Toys', 'Explore the world with everybody’s best friend, Blippi! Get ready for the ultimate toddler entertainment as Blippi answers your favorite questions, like: how does a recycling truck work? Can Blippi drive an excavator? What games can we play at the indoor playground? From roaring dinosaurs and prehistoric fossils to arts and crafts at home, there are so many exciting things to learn about.

Feed your kid’s curiosity with STEM activities, animal facts, and Roblox gaming fun in all your favorite Obbys! With sing-alongs and sensory play, Blippi encourages vocabulary development and helps children understand the world around them through creative play and learning adventures. Join the fun at the zoo, the children''s museum, or right here in the ball pit. 

Let’s get curious and grow together!

Social Media:
Website ► https://www.blippi.com/
Facebook ► facebook.com/Blippi
Instagram ► instagram.com/blippi
Music Services ► https://blippi.lnk.to/BlippiCompleteCollectionYT
', '@blippitoys', 'https://yt3.ggpht.com/ytc/AIdro_k9xqjVeFDSsCNewFIDcWbEWcIyIEJkIM-0t2w8o84TWgg=s800-c-k-c0x00ffffff-no-rj', 'https://yt3.googleusercontent.com/y3SzPsM-uizTvwoPL8ku33cMyoKJcy1tqVcAqLArIPUX-POP65591iZyFNc1enbZqd2Zel6N1w', 15000000, false, 1562, 15800629161, '2015-07-06T12:32:14+00:00', '2026-03-21T01:33:52.587+00:00', NULL, '2026-03-21T01:33:53.617323+00:00'),
  ('UCx3RchaoRFpDpB60x7xRREw', 'Meekah - Educational Videos for Kids', 'Explore the wondrous world with Blippi and Meekah. There are so many exciting things to see and learn. Feed your kids’ curiosity while they learn about vehicles, animals, the natural world and so much more. Blippi and Meekah help aid children‘s understanding of the world and encourage vocabulary development. Join the adventures as Blippi and Meekah visit exciting places such as children’s museums and the zoo! They love singing, dancing, playing and exploring. Their contagious curiosity engages young viewers in learning adventures that help them grow and develop.

Blippi Website  ►	https://www.blippi.com/
Music ►https://blippi.lnk.to/BlippiCompleteCollectionYT
Instagram ►	instagram.com/blippi
Facebook ►	facebook.com/Blippi
TikTok ►tiktok.com/@blippi
Moonbug ►	moonbug.com/about


', '@meekahofficial', 'https://yt3.ggpht.com/90TuIVsutimGPczhc3bGToS1T9HH0Lsung65ODlNHCq2XoeihJnGGtsE0LEt451GyAo2fZTU=s800-c-k-c0x00ffffff-no-rj', 'https://yt3.googleusercontent.com/yX-iMIkOth-0OfFXtjk58cbClcTolrJVCMEGPnw-IDLUhPICAUW18woeLergVsLH742CjcIX', 6060000, false, 1151, 5177577723, '2022-03-01T13:53:00.430006+00:00', '2026-03-21T01:34:07.872+00:00', NULL, '2026-03-21T01:34:08.892473+00:00'),
  ('UCNOZxp1t2Ml-d6Lnhl6tzwg', 'Meekah Explores - Educational Videos', 'Explore the wondrous world with Meekah! There are so many exciting things to see and learn. Feed your kids’ curiosity while they learn about vehicles, animals, the natural world and so much more. Meekah helps aid children‘s understanding of the world and encourage vocabulary development. Join in the adventure as Meekah visits exciting places such as children’s museums and the zoo! She loves singing, dancing, playing and exploring. Her contagious curiosity engages young viewers in learning adventures that help them grow and develop.

Website ► https://blippi.com/ 
Facebook ► https://www.facebook.com/Blippi 
Instagram ► https://www.instagram.com/blippi/
US Shop ► https://shop.moonbug.com/collections/blippi 
Music ► https://meekah.lnk.to/CompleteCollectionYT!About
', '@meekaheducationalvideos', 'https://yt3.ggpht.com/OcACnWWFtfMGHI-X7Y3NJFqlsqTwLGYtusQBJecX0ipVr5ccJ-GezJ3FlHR-W0jM4fQhMl_gYA=s800-c-k-c0x00ffffff-no-rj', 'https://yt3.googleusercontent.com/2Z4JYF3fftYGxJ9I1ItvvrEwqLDHpMfIrhjwQuHEhDMx90pUv3JF0PXk96syQNwkLlgsCxokow', 1350000, false, 931, 1418468285, '2022-11-16T15:33:58.038525+00:00', '2026-03-21T01:33:59.745+00:00', NULL, '2026-03-21T01:34:00.768461+00:00'),
  ('UC_alpWYj6C5A4HDe22u1QNg', 'Mikey & JJ - Minecraft', 'Hey! you are on the Mikey & JJ channel! I film videos about JJ and Mikey (Maizen) . Do not forget to like and subscribe to the channel ! Nice viewing bro.', '@mikeyjj-minecraft8125', 'https://yt3.ggpht.com/vQC1de7K6O-8-n1gKC02g3EXycWQ3xs-SCNMTyVMG49r7MGN3Kh_ONnRXJbsrhwuEV4hWyWgFE8=s800-c-k-c0x00ffffff-no-rj', 'https://yt3.googleusercontent.com/Az2BiJTopW7wXSimyX9-FlWDsy_wvFgkpWY0s2LToS1S0nbvRTzr-tHX4myHoMlyh-7lAVA9ICo', 572000, false, 1165, 149799592, '2022-08-09T17:16:36.527581+00:00', '2026-03-21T05:23:47.672+00:00', NULL, '2026-03-21T05:23:49.011314+00:00'),
  ('UCIc2JE2ByS4VtFaHmr98Qbw', 'Mikey and JJ', '', '@mikeyandjj3155', 'https://yt3.ggpht.com/unONuPTlYTbxE8iMzwnmH1WMNjeLlHBbICLMMf3J6S8ArFp-O41u5eAWhUZMyMKyA2-MuZY6Bh4=s800-c-k-c0x00ffffff-no-rj', NULL, 221000, false, 201, 53978277, '2022-05-14T22:44:44.602882+00:00', '2026-03-21T05:24:02.662+00:00', NULL, '2026-03-21T05:24:03.809993+00:00'),
  ('UCOHuBFdvxYsE70d1OGRJN_w', 'JJ and Mikey ', 'Hello! The original rights to the minecraft game and all derivatives including the drawn characters belong to Microsoft Ⓒ
Please Subscribe to Maizen Channel https://www.youtube.com/channel/UCJHBJ7F-nAIlMGolm0Hu4vg
', '@jj-and-mikey-2024', 'https://yt3.ggpht.com/H8Hh_VSctDDDyAwDxytoaz__glQKO80tULTAiaChdVnJsJud_2pF3h6Yu7k87fb3sbGwabUa7A=s800-c-k-c0x00ffffff-no-rj', NULL, 462000, false, 1136, 127053161, '2022-06-26T02:22:20.817038+00:00', '2026-03-21T05:24:13.155+00:00', NULL, '2026-03-21T05:24:14.291165+00:00'),
  ('UC-W8qoCbIZmBOkLFSGFdyFw', 'Mackenzie Turner Roblox', 'HI FRIENDS and WELCOME TO MY ROBLOX GAMING YOUTUBE CHANNEL!!!

Hi, I’m Mackenzie Turner! I’m a content creator from Vancouver, Canada, and I love playing Roblox! I make daily roleplay videos in Life Together, Berry Avenue, and Brookhaven. Some of my favorite roleplays include Bully, Ex-Boyfriend, Stalker, Birth to Death, The Hated Child, Adopted, Princess, Twins, and Creepy Guy stories!


I love spreading happiness and making all of you guys laugh with my loud voice, sorry in advanced but I scream ALOT!', '@mackenzieturnerroblox', 'https://yt3.ggpht.com/M5ARzx6PZuv8jQZVit5XM7p5tB-K0sTX1Y4C8vGnXyyrlf85QM8p2TP5QjgwBrYRJ5prScU5vJU=s800-c-k-c0x00ffffff-no-rj', 'https://yt3.googleusercontent.com/APsOlIgnH1fTTfM_KpNwylF9BkUJuWAqJQv32jPD1jFnEWPZPNpddeYPvLcMpREqpniK-tFf', 2400000, false, 1955, 1205176382, '2020-08-29T23:12:58.038645+00:00', '2026-03-21T05:27:43.037+00:00', NULL, '2026-03-21T05:27:44.479113+00:00'),
  ('UCt9rlCOS_VDRgmd-cuaTy5A', 'The Besties ', 'Hi Besties! ', '@thebestiesroblox', 'https://yt3.ggpht.com/0WZvGK_sdf6Of5dN9D0TvWS0FByKjKP942eWzmbAlPMSYvmGUeoNDQ847cInrtfzAYgU-RG00A=s800-c-k-c0x00ffffff-no-rj', 'https://yt3.googleusercontent.com/GwPZw44iGl2-i3WXtflbony7n1V95T86fUdfuh2siWVyWgtJXb1IJWUWZBpNfsfQj9oy_RjI_g', 2760000, false, 786, 1316041141, '2021-07-29T16:44:57.165714+00:00', '2026-03-21T05:27:48.544+00:00', NULL, '2026-03-21T05:27:49.672319+00:00'),
  ('UCB-t8TRKLS0LsmEzlQFBUGg', 'Mackenzie Turner', 'HI FRIENDS and WELCOME TO MY YOUTUBE CHANNEL!!!

My name is Mackenzie Turner and I am a 22 year old cotton candy, ice cream, and unicorn loving girl from Vancouver, Canada! I love spreading happiness and making all of you guys laugh with my loud voice, sorry in advance, but I scream ALOT! 

Can''t wait to go on this journey with all of you guys ❤️', '@mackenzieturner0', 'https://yt3.ggpht.com/b4A_LBNrs9GLJmH0Y7CgHGte__vE7swlvZOci_wF4ECq9q29hqE60T4U0JzOfqe8azwZdyE-Pg=s800-c-k-c0x00ffffff-no-rj', 'https://yt3.googleusercontent.com/vTetlaTQwyjlOzt157OfNvySEnkdGkZyOSntLcv38caHe0w5bF-LGDz6CGFpLepp478hFRfrQA', 1310000, false, 212, 241818709, '2017-04-30T03:53:08+00:00', '2026-03-21T05:28:32.089+00:00', NULL, '2026-03-21T05:28:33.311296+00:00'),
  ('UCDWGN907vfsiIFT3kt05W1Q', 'Mackenzie Roblox Movies', 'HI FRIENDS and WELCOME TO MY ROBLOX MOVIE CHANNEL!!!

Hi, I’m Mackenzie Turner! I’m a content creator from Vancouver, Canada, and I love playing Roblox! I make daily roleplay videos in Life Together, Berry Avenue, and Brookhaven. Some of my favorite roleplays include Bully, Ex-Boyfriend, Stalker, Birth to Death, The Hated Child, Adopted, Princess, Twins, and Creepy Guy stories!


I love spreading happiness and making all of you guys laugh with my loud voice, sorry in advanced but I scream ALOT!
', '@mackenzierobloxmovies', 'https://yt3.ggpht.com/DuB2urF-b_tdcjXxJi8Gn3H1rniC2gU5kkTbDE0guPoLzdpEHxNsBIZRx-wyegh7vjHD7uAF0Q=s800-c-k-c0x00ffffff-no-rj', 'https://yt3.googleusercontent.com/S2EfPv_mV2kqd3VxI9vH8vtkqQBH3d_go7M7oVuhYp9fSzTepKHbn-5y7mNcStL6_-dpMATrEw', 33700, false, 158, 5857322, '2025-09-15T22:37:24.457061+00:00', '2026-03-21T05:29:48.836+00:00', NULL, '2026-03-21T05:29:50.080054+00:00'),
  ('UC4vqfzEo7M2vKJhMgQpBykQ', 'BabyBrook', 'Subscribe for more videos! 

NOTE:  We are currently NOT affiliated with KPop Demon Hunters.  This channel''s content is in the form of parody/commentary and is in the form of Fair Use content. 

Disclaimer: "BabyBrook" is a parody channel that creates gameplay-style videos and is in no way connected to or affiliated with KPop Demon Hunters, Sony Pictures Animation, or any other entities that own the rights to the KPop Demon Hunters characters. This transformative parody work constitutes fair use of any copyrighted material as provided for in section 107 of the US copyright law. No videos are meant to offend, harm, or upset any parties.

None of these actions should be replicated in real life, these videos are purely for entertainment.
', '@babybrookzuzu', 'https://yt3.ggpht.com/JHKvwLaZ5FklZFnh-sqzXbpOoP6TYdOmdDc1JbBiLbw0fl1N5QeDTkNG_iYe8HwmAv2oro3v=s800-c-k-c0x00ffffff-no-rj', 'https://yt3.googleusercontent.com/b-cPXJFAFcs8QhbypChrIMHxIcHNSC-ngB1laXVa8AfZoCrtCoKXbZKVHhMF_kDQGGBMSkbv4lM', 67300, false, 66, 10013737, '2025-10-21T03:35:04.293817+00:00', '2026-03-21T23:12:31.939+00:00', NULL, '2026-03-21T23:12:34.537364+00:00'),
  ('UCrv0rZSx_6LWaZVWHWQdnlQ', 'Peachybbies', 'Welcome to Peachybbies! One of the largest slime shops in the US, based out of Austin, Texas
You can shop high quality slime directly from our store at www.peachybbies.com


Our channel is General Audience content, made for all ages.
', '@peachybbies', 'https://yt3.ggpht.com/GGiJN1m1yVM-4D5euD5CTmC-D8vokArfvRCR0wa1zI4O0yO9EP8lP5heeT2m3Y1w4hZwtP3vY3M=s800-c-k-c0x00ffffff-no-rj', 'https://yt3.googleusercontent.com/SYhF-QHRP7wMwiikNMg5E7KmcHC1rwM3eRv47wtwT7O0emS4ve0jmtJwYtiE6meV_iGYQp-K', 10400000, false, 3952, 12019286262, '2017-01-15T19:47:37+00:00', '2026-03-21T23:12:43.338+00:00', NULL, '2026-03-21T23:12:45.185796+00:00'),
  ('UC5Hi0UkephOloKgZKLM9e-w', 'The Anazala Family ', 'Anazala Family Main Channel : Screen Time is Family Time Again❤️

Our goal is to provide unique & family friendly content that allows people of all ages to sit down and enjoy together. Welcome to your new home!
', '@anazalafamily', 'https://yt3.ggpht.com/h1yZ-VaPom5w-T1mgBnDh8-Q8EwFcOUh3FK5MFJbodPT_sRS3p8dIie71T2aoBruq5vmXznS=s800-c-k-c0x00ffffff-no-rj', 'https://yt3.googleusercontent.com/n3qneOIabks38RDnIx_gV4z1VaQbfKFp0muEN4SVEO8Ldn-jypRISiG9xPCbLblZjUWhTrGK', 11800000, false, 270, 2822943551, '2021-01-09T04:16:12.527899+00:00', '2026-03-21T23:13:14.17+00:00', NULL, '2026-03-21T23:13:16.261219+00:00'),
  ('UCja7QUMRG9AD8X2F_vXFb9A', 'The Royalty Family', 'Welcome To THE #ROYALTY FAMILY Youtube Channel. We are a modern blended family based in Los Angeles that love to entertain you. We believe in family, fun, Love and are passionate about fashion, comedy and culture. Join us every week in sharing the good times of Andrea, Ali Saleh, Ferran and our Chihuahua Princesa. Best of all, we believe everyone can be ROYALTY so don’t forget to SUBSCRIBE!!

FOR BUSINESS INQUIRIES EMAIL HERE  ➡ Royaltyfambusiness@gmail.com', '@royaltyfam', 'https://yt3.ggpht.com/2Zfi0iwOh5bEjVUlNlOPd5fAHGsgRtwBZwA75MIz11GBiQripRbXp3fQAmc_QPoXUOpFKvmAOg=s800-c-k-c0x00ffffff-no-rj', 'https://yt3.googleusercontent.com/IFZYRMmKTugn0ZZGB5VcsN1ED4F_3FLKo21T9AW9L0k_G5iuVUj1_8uWONZFuTXuMcE96XfhrA', 33400000, false, 844, 12165067103, '2017-04-13T04:00:38+00:00', '2026-03-21T23:13:22.463+00:00', NULL, '2026-03-21T23:13:24.323662+00:00'),
  ('UCAHXKUBO1FSNsvWv9D8vLIg', 'Rebecca Zamolo Too', 'Rebecca Zamolo''s best #shorts For Business inquiries please email - Rebeccazamoloinquiries@gmail.com', '@rebeccazamolotoo', 'https://yt3.ggpht.com/jHGYscpZHmLn0KJFUIiROtPKAoPTh9o3XXgAJuJybbbHtJQl7XGXWLTVxDansH-xEHrImAG6KQ=s800-c-k-c0x00ffffff-no-rj', 'https://yt3.googleusercontent.com/pT3SG3JTjrfMpwB90uX7wnORAWgkYu1-d9sS911EyB9XS2Up95DTJ6vpq64YCPKjDWCzpYkA', 4650000, false, 439, 2664084784, '2021-02-28T06:35:54.62211+00:00', '2026-03-21T23:13:29.224+00:00', NULL, '2026-03-21T23:13:31.042662+00:00'),
  ('UCemhZ2At2lgifTJLClGCz9A', 'Royalty Gaming', 'Welcome to the ROYALTY GAMING Youtube Channel. Join Ali and Ferran as they play Minecraft, Roblox, Fortnite, and so many other fun video games. Subscribe for weekly uploads and be sure to comment your gaming requests.', '@royaltygaming1', 'https://yt3.ggpht.com/ytc/AIdro_ljo_G4ifnCwRUP8cTwJnkH36YbF2WJhMpTVsmFVbRSXeo=s800-c-k-c0x00ffffff-no-rj', 'https://yt3.googleusercontent.com/uPNZnCGXZztfbPjidLQWJzhQuPueG7TRqt56h9ScZE1uRRn1IxFA16lA2UatwE2pyJlWgp9p', 7630000, false, 177, 1365039433, '2020-09-04T17:40:48.20125+00:00', '2026-03-21T23:13:46.068+00:00', NULL, '2026-03-21T23:13:47.895754+00:00'),
  ('UCJCZu4h58GC_W3kmtDUtQCQ', 'Angelazz Brookhaven', 'Subscribe for AWESOME Brookhaven Content!!

FOR BUSINESS INQUIRIES ONLY: contact@angelazz.com

For Chinese Business: Angelazz_youdao@163.com
', '@angelazzbrookhaven', 'https://yt3.ggpht.com/uCnvVPZnkuYzEtDnGqZdQl9jhyrh7UejcxNdGoeJ8XOF9Ce1NRbT0kIg57mZ9x1N08cm7Lw-=s800-c-k-c0x00ffffff-no-rj', 'https://yt3.googleusercontent.com/mk2fq4KRVRNVdATqlwUEuIYMAXRLboEerJg8TTmKgX4539Om1DYzKIlbUUhS7yKGQQiScNB34g', 2340000, false, 722, 695840767, '2021-04-04T10:27:32.302361+00:00', '2026-03-21T23:13:54.751+00:00', NULL, '2026-03-21T23:13:56.560219+00:00'),
  ('UCK5Q72Uyo73uRPk8PmM2A3w', 'Genevieve''s Playhouse - Learning Videos for Kids', 'Welcome to Genevieve’s Playhouse where we create all kinds of educational videos for kids and toddlers using toy based learning. Come along as Genevieve plays with characters from Paw Patrol and Peppa Pig, while learning counting numbers, basic words, and storytelling skills. Our video formats span from vlogs, skits, animations, and experiments. Videos are offered in English, Spanish, Hindi, and Vietnamese.

Genevieve''s Playhouse is a safe, and kid-friendly channel that parents can trust to provide educational content for their little ones.', '@genevievesplayhouse', 'https://yt3.ggpht.com/ytc/AIdro_kbIC31vc6vnxLlz_EpLvg_xxTI3MuN2dq7klx_4g_qBuk=s800-c-k-c0x00ffffff-no-rj', 'https://yt3.googleusercontent.com/xzSHccoLgG2urvGzTQuPACa32ovizVN6dkQO36wq-gNQ7ybS5X-64RavOuR5cz8xApRnJDEM', 49600000, false, 717, 40933362866, '2016-01-06T16:47:22+00:00', '2026-03-21T23:14:06.178+00:00', NULL, '2026-03-21T23:14:07.997921+00:00'),
  ('UCPIavfNa4DTfHXDBaFOHuKA', 'Anna McNulty', 'Self taught contortionist 💕', '@annamcnulty', 'https://yt3.ggpht.com/0BRs0UiKEGAtCTqz_JaB5t_Esd_f-HPI2Qyi1iCJNzpNkVEq5Aha_DJQdwrfr6SFwzUc5-5qXg=s800-c-k-c0x00ffffff-no-rj', 'https://yt3.googleusercontent.com/oW4jbwUOJkK3QEla93fnslT7kpGoYn6Fsp2FfYiC0zxcZphgVCisJ1psWpkCXKUR02r2Hp_j9XM', 13000000, false, 474, 3118421796, '2014-01-25T22:08:45+00:00', '2026-03-21T23:14:38.301+00:00', NULL, '2026-03-21T23:14:40.635782+00:00'),
  ('UCNcdbMyA59zE-Vk668bKWOg', 'Disney Jr. ', 'You''re watching Disney Jr.! Check out the official Disney Jr. YouTube every day for live streams, full episodes, show clips, shorts, and compilations from Mickey Mouse Clubhouse+, Marvel''s Iron Man and his Awesome Friends, Hey AJ!, RoboGobo, Disney Jr.''s Ariel, Kindergarten: The Musical, Me & Mickey, Mickey Mouse Funhouse, Minnie''s Bow-Toons, Marvel''s Spidey and his Amazing Friends, SuperKitties, Star Wars: Young Jedi Adventures, Sofia the First, Playdate with Winnie the Pooh, Me & Winnie the Pooh, Bluey, Doc McStuffins, Firebuds, Puppy Dog Pals and Pupstruction!

Available on Disney+
https://www.disneyplus.com/whats-on

Keep up with our new videos here: https://youtube.com/playlist?list=PL2m1vjiMH_hNEEv_Kr3YN30D-CktoOCU0

Thank you for watching Disney Jr.! 
', '@disneyjr', 'https://yt3.ggpht.com/ycmH6u_8GXdVOSwL8K8D0QSLxzoJvd6yiRORWT0QYosXdtBBOkqQdXTR4DS6kDHd-U49Z3dcpHY=s800-c-k-c0x00ffffff-no-rj', 'https://yt3.googleusercontent.com/GOcpZcmEqJdI63hKxwZPTLkYWIZbspRQ4UBMSVSGPpP_APyj4NkhftNEmybLuR5kpLvZFw-Dncc', 26900000, false, 6896, 30907252987, '2008-04-22T00:31:52+00:00', '2026-03-21T23:15:26.949+00:00', NULL, '2026-03-21T23:15:29.05004+00:00'),
  ('UC7Gf2tZ8coTX2ckTPgn62iQ', 'Disney Kids', 'You’re watching Disney Kids, the most magical channel on YouTube! Here you’ll find clips, compilations, shorts, songs and livestreams featuring all your favorite characters from the Disney Universe, like Mickey, Minnie, Buzz, Woody, Anna, Elsa, Ariel, Tiana, Rapunzel, Moana, Mulan and more!

New Videos Every Week From Movies and Shows Like:
Mickey & Friends 
Disney Princess 
Frozen
Toy Story
Lilo & Stitch
Winnie the Pooh
& much more!

Even more amazing adventures available on our other channels:
Marvel HQ: https://www.youtube.com/@MarvelHQ 
Star Wars Kids: https://www.youtube.com/@StarWarsKids

© 2026 DISNEY/PIXAR
', '@disneykids', 'https://yt3.ggpht.com/Qbi8o0IRFgKn0oIX_tPBqkeYyWCi293sfpIhd0OtP0xdC-LsCOXUStLWo1EPX__JfTve3or1BQ=s800-c-k-c0x00ffffff-no-rj', 'https://yt3.googleusercontent.com/QyKPvEabL26hn3mH75PfMP9t2C2o4KOCOK4HUTB-0fTKgNuyUk_w5hL77cRSxrTu_WIwOotdxA', 14600000, false, 5061, 23343819913, '2010-07-07T09:40:22+00:00', '2026-03-21T23:15:42.2+00:00', NULL, '2026-03-21T23:15:44.026537+00:00'),
  ('UCJdm97nNlV8Xy0X5hmOEdtw', 'Ashley', 'Heyy! Follow me on other socials ⬇️
💕Twitter: https://x.com/AshleyTheUni
💕Instagram: https://www.instagram.com/azreenatejani
💕Roblox Username: codeeunicorn
💕TikTok: https://www.tiktok.com/@ashleyytheunicornn
💕Twitch: https://www.twitch.tv/ashleytheunicorn

Business inquiries: ashleytheunicorn@fixated.com

Facebook: azreenatejani 
Instagram: azreenatejani', '@ashleytheunicorn', 'https://yt3.ggpht.com/T3YbAZI25kDyuJWxoef-dhFVENbLB4xTMjvYg_RSzEj1akYKAbS-TJQ8m0lPKh4T48vCGEJQEw=s800-c-k-c0x00ffffff-no-rj', 'https://yt3.googleusercontent.com/fks6Mum4y06gwGkA8pfDRXs4IL_RvxNYntLLkoaOFQ5eGAdXY7VYnv2aH_IELojpmd9om683Yg', 1470000, false, 5334, 443199869, '2012-01-22T20:50:16+00:00', '2026-03-21T23:15:50.969+00:00', NULL, '2026-03-21T23:15:52.78536+00:00'),
  ('UCfw8x3VR-ElcaWW2Tg_jgSA', 'Rebecca Zamolo', 'Hi, I''m Rebecca Zamolo and I create fun and inspiring videos with my daughter Zadie and husband Matt. I love my connecting with all of you in my #ZamFam and hope that watching my videos makes your day happier and better. Make sure follow me on all my social media so we can connect more! For business inquiries email Rebeccazamoloinquiries@gmail.com

My other channels:
Matt and Rebecca https://www.youtube.com/channel/UCvo9oZCTg_UaTQbhyXkXX3w
PawZam Dogs: https://www.youtube.com/channel/UC0ufW3qv1DDE8ucnwK6jvTA
The Real GameMaster https://www.youtube.com/channel/UCX-EPC5_NsFmRFkfzTFaP9Q

Other Channels I love:  Jordan Matter, Anazala Family,  Royalty Fam, Dhar Mann, and MSA (formerly my animated story)
Instagram: https://instagram.com/rebeccazamolo/
Twitter: https://twitter.com/rebeccazamolo
TikTok: RebeccaZamolo
SnapChat: rebeccazamolo
Facebook: https://www.facebook.com/rebecca.zamolo', '@rebeccazamolo', 'https://yt3.ggpht.com/Lo0hg1nOIahjHQTOa5ITXzgeOU3v6QPYQCPyOXeGI3zMerogVZ-PE7RtcCVH4Hb6IJw0KQsPjw=s800-c-k-c0x00ffffff-no-rj', 'https://yt3.googleusercontent.com/U78CFsKWt4p41vueBXEyIVxLhrtXy-l9wJMYipUEuux3C6TTIacGHy2mKIPznpIUYmipMvKwng', 21400000, false, 1161, 10028403514, '2011-11-20T06:08:33+00:00', '2026-03-21T23:16:19.509+00:00', NULL, '2026-03-21T23:16:21.328277+00:00'),
  ('UCMPKq9xxIiAtfkOFW8gYwNw', 'Rubble & Crew', 'Let’s dig it with PAW Patrol Rubble! No construction job or rescue mission is too big or too small for Rubble and his crew to scoop up. And a little dirt is always paws-itively fun! Join Rubble in new videos every week with his family Mix, Charger, Wheeler, Motor, Grandpa, and Auntie Crane! 

You can watch Rubble & Crew, a brand-new animated PAW Patrol spinoff centered around fan-favorite character Rubble on Nickelodeon!

Plus, you can catch members of the PAW Patrol like Chase, Marshall, Skye, Rocky, Zuma, Everest, Tracker, Rex, Liberty, Al, and more!

Subscribe to the NEW Rubble Official YouTube Channel! https://at.nick.com/RubbleAndCrewSubscribe
Watch NEW Rubble videos now! https://at.nick.com/NEWRubbleVideos
Rubble & Crew Videos! https://at.nick.com/RubbleAndCrewVideos

#RubbleAndCrew #Rubble #PAWPatrolRubble #PAWPatrol #NickJr
', '@rubbleofficial', 'https://yt3.ggpht.com/3Dmh5UpCE9CP8WOQZMQfnQ892ltOEuXxA-nZTEn7pEZkpfDm32M8nX45KO1YJmO-3Q5jByYJ=s800-c-k-c0x00ffffff-no-rj', 'https://yt3.googleusercontent.com/6kxasKt7OQugnidR0lbHFTRVc5bccQ4Qcuk-y7DScbOxtL3v1Gw94tTzRPWr1VGLbb6nMaQL-MQ', 2350000, false, 966, 1517459715, '2022-07-27T22:56:51.863539+00:00', '2026-03-21T23:16:36.171+00:00', NULL, '2026-03-21T23:16:37.985806+00:00'),
  ('UC8KyyhPfL4v2sZGbcGg7b7Q', 'Handyman Hal', 'Handyman Hal is a fun, family-friendly channel full of exciting and educational adventures! From construction and lawn care to tractors, tools, rescue vehicles, and car washes—there’s something for everyone. Join Hal as he explores cool places, learns how things work, and solves problems. Grab your tools and let’s have an awesome time!
', '@handymanhal', 'https://yt3.ggpht.com/gDn2GR0-2MYlU8O3RWgPE5_ifN4FfCUkWzRD0Cj2w6HRIR4DoJ_zZ4P5i2gRDwHbodWnHTs7=s800-c-k-c0x00ffffff-no-rj', 'https://yt3.googleusercontent.com/U1mTf7pU_4Gnv4ig6nsNPPzeg2J15QF1CX0m5yo8WusQ13OfNBqb77OIc_xId3Uv3jBRDidD', 1500000, false, 684, 1409067723, '2007-08-06T00:53:55+00:00', '2026-03-21T23:16:47.96+00:00', NULL, '2026-03-21T23:16:49.770653+00:00'),
  ('UCW9j7IUcGO4kaRSCbQHPq5g', 'PokeTV', 'Welcome to Poke TV! LIKE and SUBSCRIBE for all Roblox Movies!', '@poketv413', 'https://yt3.ggpht.com/ke1XF0rGbmYp531bQGWGae51BcbRMX6erk1WDIWoo9E5jCiHXHeT0goRWRrDi1fdPrSINiqvGEc=s800-c-k-c0x00ffffff-no-rj', NULL, 92600, false, 112, 12725720, '2024-02-20T21:10:37.080347+00:00', '2026-03-21T23:19:39.524+00:00', NULL, '2026-03-21T23:19:41.580328+00:00'),
  ('UC8wrbl5viYtQmRUgdFdf4ew', 'Pokémon TV', 'Welcome to the official Pokémon TV YouTube channel, where you can explore the world of Pokémon with Ash & Pikachu! Experience some of the most iconic moments from their adventure with our full episodes, live streams, compilations, and so much more! 
 
Don’t forget to stop by our other YouTube Channels:
https://www.youtube.com/@pokemon
https://www.youtube.com/@pokemonunite
https://www.youtube.com/@pokemonkidstv
', '@officialpokemontv', 'https://yt3.ggpht.com/eib1XOrOHL7n3nXz0cRAueXQ75D8X-63Wsx-vHuinYMp6RVvHxJHPM6g6upF86I2hQDQFrWvWw=s800-c-k-c0x00ffffff-no-rj', 'https://yt3.googleusercontent.com/EQVcxBMTyRhFnQKPOpx_oToqAHt-kW-2YFSkfe2kbG7jC-YcqYZK8sjY5lQU5pv-FfQu_r8WvGs', 1400000, false, 785, 391815035, '2024-09-16T21:41:34.611171+00:00', '2026-03-21T23:19:47.322+00:00', NULL, '2026-03-21T23:19:49.143919+00:00'),
  ('UC_zKc41jwUVzqQhNHThYVDg', 'Poke - Brookhaven', 'Hello my name is Poke and welcome to my BROOKHAVEN RP channel! Be sure to SUBSCRIBE if you are new here :)
', '@pokebh', 'https://yt3.ggpht.com/nWk2u1_m5iMY5ZqJjOHJNgq9lCLJlHzOj-h_IwzNba6Fc0f9p5l9s9652Mt6nN4DHyncsxLmvg=s800-c-k-c0x00ffffff-no-rj', 'https://yt3.googleusercontent.com/sWRsdD8gO5c3fcDieCk7qRhMvqFTyMZfYNueUIrF54kOiTrdfRAulgMwXIqwjKhFIpW5tdk_7w', 412000, false, 441, 83534309, '2021-10-14T21:02:36.430485+00:00', '2026-03-21T23:19:53.418+00:00', NULL, '2026-03-21T23:19:55.24495+00:00'),
  ('UCJbbYCOu7LU2MoFpJKtNK1Q', 'Mikey Maizen - Minecraft', 'We make high quality fan videos for JJ and Mikey! If you love Maizen, then welcome! Subscribe!

This is not an official Maizen channel, we make fan videos with JJ and Mikey. Our channel is exclusively for fans of Maizen. We are not trying to impersonate his personality, we just want to add new and interesting stories to his characters. We hope you enjoy our videos. Have a great day

Original Maizen Channel - https://www.youtube.com/@maizenofficial
', '@mikeymaizenminecraft', 'https://yt3.ggpht.com/3M0Rah0t4sEMuiAyavtea6oEBToQ7cZ2ELo5eW2Z06lsiLGuarQ-SilYHOzbCoK56TiLNTyycqE=s800-c-k-c0x00ffffff-no-rj', 'https://yt3.googleusercontent.com/613H7gqL6cOIoki6c9zm9Jj93z7SWHxQ44KnnN4apjdgE868UfO4-JWM-mSEagmjRwbfx8sPAA', 323000, false, 636, 114958803, '2022-08-10T23:48:39.802492+00:00', '2026-03-21T23:20:11.482+00:00', NULL, '2026-03-21T23:20:13.395658+00:00'),
  ('UCn3AViOfcFN4zIICMC5hvPg', 'Shiloh & Bros', 'We''re the Nelson family and we make videos that we hope make you laugh and smile! Our channel is clean family fun where we love to make skits about video games. Our videos are full of humor and heart and we love to show the bond of siblings and fun gaming videos. 
Join us on Fridays for new videos! ', '@shilohandbros', 'https://yt3.ggpht.com/PCsMV3VIq8PHKyv_WgH2P27C-WuidwFHGAKyrHt6njY7Lv-dQZ4mx9jot8Oqad8PD3V2mgPZbw=s800-c-k-c0x00ffffff-no-rj', 'https://yt3.googleusercontent.com/s38wXDWOY_xAs7cM5BnZARZ9qO_Akm8a-MQYVhIsELmnRVzziL0IRZSqVlv9N1xLrow5udqUMg', 10700000, false, 200, 5461372222, '2018-07-18T01:08:40+00:00', '2026-03-21T23:20:36.338+00:00', NULL, '2026-03-21T23:20:38.183647+00:00'),
  ('UCemQFBcmyWIXj5LHpQ8OeAw', 'Shiloh & Bros Gaming', 'We''re Shiloh & Bros gaming!! This is where we play games from Roblox to Steam Games or games requested by you guys! Judah and Shiloh lead the way and bring on their siblings to join them! The goal is for some funny moments, lore digging, good scares and more. Comment what games you want to see! Don''t forget to subscribe!! 

Join our discord https://discord.gg/erHAU7DFZb
', '@shilohandbrosgaming', 'https://yt3.ggpht.com/Niz0Emq2yzCC590oZO3WZ3mbfE9aEFOWJl7OGQFaKsTbZjpfppa2pxPhRXqsRwoNlfyRHblW_g=s800-c-k-c0x00ffffff-no-rj', 'https://yt3.googleusercontent.com/IRcfuQ8M5LQ1aj0VyfkuQ4HBBBJwiIAyuMCmu7gTS_-TOHt8RlfUqxrgvw-DoWzJe4ybedCa5g', 362000, false, 47, 29028032, '2024-10-15T18:36:50.012999+00:00', '2026-03-21T23:20:41.408+00:00', NULL, '2026-03-21T23:20:43.242849+00:00'),
  ('UCj5XYDEEJbUXoJugGkP4SZg', 'It’s Nora', 'Hi everyone, It’s Nora! ⭐️

On this channel, I post Kid friendly Toca Life World Roleplays, Stories, and Challenges! 💗
', '@tocanora', 'https://yt3.ggpht.com/VpFsuxeDB3aA3x8z-Ubxd9iB8zDjOWcHXi02HeSXpBB91jMmgfR5WOPX_OlMV-Ruqw9m7dkf=s800-c-k-c0x00ffffff-no-rj', 'https://yt3.googleusercontent.com/nqIYM7kMNMQd-eM5sPpHryn55NaLpsIWhF-Jb56O0Ox49BsamzuNeLmO3lj7LW7vbR0vwCoG', 1020000, false, 658, 216439146, '2019-09-23T22:33:52+00:00', '2026-03-21T23:20:53.303+00:00', NULL, '2026-03-21T23:20:55.119462+00:00'),
  ('UCJHBJ7F-nAIlMGolm0Hu4vg', 'Maizen', 'Thank you very much for watching our videos.

Please use this form to get in touch with us.
► https://maizen.com/contact
', '@maizenofficial', 'https://yt3.ggpht.com/jtaYDxDtMB2WZp9dOXCCcX4xuaJNkl5iEZPlzjMLuiVqkyUM851nBUArs0wDSBGIWvUfny2uYw=s800-c-k-c0x00ffffff-no-rj', 'https://yt3.googleusercontent.com/_X4xJdx7LvEWTvazGuDQR02YTe6M44GRFdW5KkDfq_5ue_t7OEgx81SJ9nZorCM1szdOUPAlDg', 16200000, false, 1337, 14089202053, '2020-12-27T05:59:33.722121+00:00', '2026-03-21T23:21:04.004+00:00', NULL, '2026-03-21T23:21:05.828196+00:00'),
  ('UCiN883_X_vnyYnWfuGvcvMA', 'Eves', 'Hi! I''m Eves and I like to play silly Roblox games!




', '@evesforrealz', 'https://yt3.ggpht.com/9_PokhtOjOZqzfLzhW2spwn4QWCVWT59k_N2Ua4OEGUA-l_XBnueXAewBvy-sY_x_GzyL0u2wA=s800-c-k-c0x00ffffff-no-rj', 'https://yt3.googleusercontent.com/-QKFeW1_fc3Y1ZuXuy-mcig0YwnZRWq4rR2LZcxLTqpTEuaREyv8w-6MJs0OJXvCP11FPL795Q', 1340000, false, 384, 112801283, '2016-10-27T22:46:34+00:00', '2026-03-21T23:21:15.321+00:00', NULL, '2026-03-21T23:21:17.143245+00:00'),
  ('UCu_gIEWdQl1eEwHL_ompyTQ', 'Eves Plays', '💙 SUBSCRIBE IF YOU LOVE ROBLOX! 💙


Business email: evesforrealzOfficial@gmail.com
', '@eves-plays', 'https://yt3.ggpht.com/cKLzuOJaJFFHDLeuNOh25N6aeTzvYEgq7GcRA9UZyXUhEs6f_dpRMcyjaZvD-1fEXu4FI0G-=s800-c-k-c0x00ffffff-no-rj', 'https://yt3.googleusercontent.com/laD8TH2fV66E_AUE7_yPdO68l128_C1_IWOIla4dKtdPiPNUFi2RJcyxPKvQj2Pu1IftYeIjyg', 205000, false, 163, 34052678, '2025-01-04T04:38:45.173909+00:00', '2026-03-21T23:21:21.657+00:00', NULL, '2026-03-21T23:21:23.47682+00:00'),
  ('UCUe6ZpY6TJ0no8jI4l2iLxw', 'Nick Jr.', 'You can enjoy Nick Jr. shows and games everywhere you are. Watch full episodes of PAW Patrol, Shimmer and Shine, Blaze and the Monster Machines, Bubble Guppies, Team Umizoomi, Ricky Zoom, Peppa Pig, and more, anytime and anywhere, with the Nick Jr. App and at Nickjr.com.

Watch full episodes, play games, and more in the free Nick Jr. App and at NickJr.com.

iTunes: https://itunes.apple.com/us/app/nick-jr./id911115712?mt=8
Google Play: https://play.google.com/store/apps/details?id=com.nick.android.nickjr&hl=en
Amazon: https://www.amazon.com/Nickelodeon-Nick-Jr-Shows-Games/dp/B01LQP0EL2
NickJr.com: https://www.nickjr.com

Watch Paw Patrol, Bubble Guppies, Shimmer and Shine, Blaze and the Monster Machines, Ricky Zoom, Peppa Pig, Team Umizoomi, Dora and Friends, Wallykazam!, and more weekdays on Nickelodeon or all week long on the Nick Jr. Channel: http://www.nickjr.com/tvschedule/

Stream full episodes for FREE in the Nick Jr. App on Roku and Apple TV or download episodes.', '@nickjr', 'https://yt3.ggpht.com/5Oe6GeP0RS7YYXlcSqCoBCyzYYtoxSgmN0K_FXQTBOY9tutzr5G1mXjfSmi76YAE3Q8WZXNByQ=s800-c-k-c0x00ffffff-no-rj', 'https://yt3.googleusercontent.com/SoI-6PmTHAw6edgsQJnzTzk5g4-hRfA3lxZrXU_blnLjqZHdQybH5I29fr3CrGpCRYU_9BmG', 35200000, false, 6475, 29245012892, '2012-09-27T08:50:57+00:00', '2026-03-21T23:27:36.917+00:00', NULL, '2026-03-21T23:27:38.809342+00:00'),
  ('UCSVSJ1OCSv5ClFgKFTHIDew', 'PAW Patrol Official & Friends', 'When Chase is on the case, Rubble’s on the double and Marshall’s all fired up, strap in because you’re in for the adventure of a lifetime. Join Ryder and the PAW Patrol along with help from Tracker, Everest, Rex, Liberty, Mighty Twins Tuck and Ella, and the Cat Pack! Enjoy your favorite episodes of the PAW Patrol and their friends saving Adventure Bay from the baddies, rescuing people and animals, and enjoying the best pup treats!

Stroll on over to dip your paws in episode clips, toy play videos, how to''s and unboxing videos!

No youtube video is too large, no pup is too small!! PAW Patrol is on a roll!

For more information visit: www.pawpatrol.com

', '@pawpatrolofficial', 'https://yt3.ggpht.com/rkyZQhBCYkXtI9gRUKjNy2mFqMFpi2hrefzBx8HdZs8IKJgjIjGlvA4Lrhmu61ryPYWdxbtO=s800-c-k-c0x00ffffff-no-rj', 'https://yt3.googleusercontent.com/4kqrJjNKytRctrsVgoyVmx1nyGCV9PkCYUL0oEQnBdubjyCgj_Ec8MqqoHYoXJz82s7vj0f0gk8', 10900000, false, 3876, 5919559179, '2013-11-26T21:20:49+00:00', '2026-03-21T23:27:42.102+00:00', NULL, '2026-03-21T23:27:43.934417+00:00'),
  ('UCaEb7kPgpldLuEzCRzFXsLw', 'Nick Jr. en Español', '', '@nickjrespanol', 'https://yt3.ggpht.com/wUWyGv46U00GhFatzYf9puzh7UOwbyn3c5Wz1cv6-lF3mJyLTW0eFZ1gfeZnRcon1SudXPZiBc4=s800-c-k-c0x00ffffff-no-rj', 'https://yt3.googleusercontent.com/EvcMrBNbPgA6APvKfJyjN6n9K6MDgiSfR7O4i6Ty9Lgw5B2bPMgzr519-IrCPaDOcoaBSJCw', 18500000, false, 2331, 13896884329, '2021-01-08T09:47:10.036131+00:00', '2026-03-21T23:31:14.807+00:00', NULL, '2026-03-21T23:31:16.816753+00:00'),
  ('UCm99c6g9MKBL4lNTlWrjyFQ', 'Checkpoint', 'Making our own stories through video games. Welcome to Checkpoint!

Jumping through a variety of dimensions, welcome to the Checkpoint - a hub and home for a multitude of adventures. Join Steve and his personal robotic assistant, G.U.I.D.O (Gaming Utility in Database Operation), as they venture through distant worlds!

FOR BRAND/BUSINESS ENQUIRIES: contact@checkpointmultiverse.com
', '@officialcheckpoint', 'https://yt3.ggpht.com/ytc/AIdro_m8vDObU6EHCxR36sjslyru58MGAW5SS-UByqQ5mXpiSQk=s800-c-k-c0x00ffffff-no-rj', 'https://yt3.googleusercontent.com/V-aI9UzuFsbZGWTyxVjxGyAeu_DApW79ox0FS8g_olf-xzrDrY5IWeNJ-OBQMuEjPYGjSB5mRQ', 4230000, false, 3158, 2368602649, '2013-10-26T11:03:34+00:00', '2026-03-21T23:50:35.418+00:00', NULL, '2026-03-21T23:50:37.773988+00:00'),
  ('UC-Mj4j-Tr648dfJ4ud_Jb2A', 'Nora', 'Hi everyone, It’s Nora''s Roblox Gaming Channel! 🩷

On this channel, I post Roblox Roleplays similar to my Toca Life World Channel
', '@norasworldroblox', 'https://yt3.ggpht.com/ReEb4_Pmqp9ApOza268DPlr2inR8xmajZ8YklL7ZS5RrOqph5AWAAjM-fS6pADr42UmCHTwK=s800-c-k-c0x00ffffff-no-rj', 'https://yt3.googleusercontent.com/okreq4lyvAULi4YaOVDdU63Csn7jEt6c5VeVCO50VXbHEx31pIJCqj6ouDIvkrfxx15aij5SoM4', 144000, false, 34, 4105198, '2021-08-29T03:35:21.569092+00:00', '2026-03-21T23:56:26.682+00:00', NULL, '2026-03-21T23:56:29.107427+00:00'),
  ('UChsrh0uLB7-HWLRcTJ2X30w', 'Angelazz', 'Hiya! Im Angelazz and I make videos for fun and entertainment! Make sure to like and subscribe! 💓


', '@angelazz', 'https://yt3.ggpht.com/5uPgz0xQjXRbPwIGJwMcegZWUKHttSRJC8Q_NocPy9oOb_1T4ZRw9gbHHGpB33mL803u72nnPn0=s800-c-k-c0x00ffffff-no-rj', 'https://yt3.googleusercontent.com/D50pXrSRLmVifSw6y-QyQu3BhEPmgAXDGf6HCdEcP9uDaa7eY4bB-EQqmnYoEH835hsNcKYS', 1550000, false, 1580, 429719953, '2015-01-30T09:13:30+00:00', '2026-03-22T03:59:23.488+00:00', NULL, '2026-03-22T03:59:23.674594+00:00'),
  ('UCyAifYIumNpXdKJM5O_olVA', 'Homemade Documentaries', 'When I was 14, I started collecting various films and materials related to the space program. 




Eventually, I found it annoying to have to fumble around all the raw footage; it was a nuisance. I started to centralize them by editing them on my computer into a single, unified "video" that presented all the necessary information and topics. Eventually, the effort, production value, and overall detail began to grow. What started out as a series of videos for "me" became a hobby -- a project. That''s how Homemade Documentaries was born. I have a small circle of friends who "proofwatch" and review with me, but this is essentially a one-man show. I wouldn''t be able to do it without the wonderful support of other spaceflight channels, particularly Lunarmodule5..and of course, all of you.

Patreon: https://www.patreon.com/HomemadeDocs
', '@jacksontyler', 'https://yt3.ggpht.com/oaDcmdWrQBKlNBzTQ9kqrShcU3FKguEJX24RYB0FD2d2cFupGmJIdeBPuCxNoz6ohGR4IHFa=s800-c-k-c0x00ffffff-no-rj', 'https://yt3.googleusercontent.com/jE7xKeRGsBA_4mpF8x4RcICtpWcZgCpTmyuf2Co0-SqikJI50yuRriH-2ZcSyoW8U7qACe93RA', 107000, false, 31, 15957934, '2011-01-17T15:37:46+00:00', '2026-03-25T16:51:00.419+00:00', NULL, '2026-03-25T16:51:01.328796+00:00'),
  ('UCtRFmSyL4fSLQkn-wMqlmdA', 'History of the Universe', 'Created and narrated by David Kelly. I am also behind History of Humankind and Voices of the Past. I also run History of the Earth with my brother Peter - who is History Time too.

The entire history of the universe, one trillionth of a second at a time.

Business enquiries: historyoftheuniverse@lighthouseagents.com

General enquiries:
contact@entirehistoryoftheuniverse.com

Patreon: https://www.patreon.com/EntireHistoryoftheUniverse
', '@historyoftheuniverse', 'https://yt3.ggpht.com/hSNm55p59-6r72O1uMK8ZAkSZUrR2QE9J7XPp1Fv376ax027ufWiXD0dcboB0K3qrheEuXUG9A=s800-c-k-c0x00ffffff-no-rj', 'https://yt3.googleusercontent.com/9SwBKwX0K2t3EIBvc2F6FymYAkHgTduI8w3mgd5wjOLQBNCTy1kzn_o461uYMG8rWyAjGxC5nw', 1090000, false, 56, 167456054, '2021-01-12T16:35:19.76432+00:00', '2026-03-25T16:52:22.832+00:00', NULL, '2026-03-25T16:52:23.551227+00:00'),
  ('UCHnyfMqiRRG1u-2MsSQLbXA', 'Veritasium', 'An element of truth - videos about science, education, and anything else we find interesting.', '@veritasium', 'https://yt3.ggpht.com/7vCbvtCqtjQ3YLgsJt7Y952MQV1sBvhllSCSxHP8_sVZdcPCBrITfhkN2RdyCuwPnsByq-1GoA=s800-c-k-c0x00ffffff-no-rj', 'https://yt3.googleusercontent.com/sDCGwJYqtOxT-odxPiErdlwfq3jlzXh0TsYFXtSSD6rld0Be51ZUNcoE17di2u1OiCjQunbcqA', 20500000, false, 492, 4143057938, '2010-07-21T07:18:02+00:00', '2026-03-29T17:10:06.645+00:00', NULL, '2026-03-29T17:10:07.567342+00:00'),
  ('UCnZeeKO8qVdtkrA4-uKhtTw', 'Animagraffs', 'I''m Jake O''Neal, and I make 3D animated explainer videos that strive to be accurate and smart, but also entertaining.

PATREON:
https://www.patreon.com/animagraffs
', '@animagraffs', 'https://yt3.ggpht.com/uSnUfWRQFLrGvHoBzwIkxzRhUZfBpWqUz8zwS38nqZ68-o699cTBpOFd3K_Fxl0jsObuaJpY=s800-c-k-c0x00ffffff-no-rj', 'https://yt3.googleusercontent.com/eZ2bENzZHJAG0jGy_MTeHk9xw74vUeeXxqSBfx3y-EV6P59jvfQ42TbV6UsA4tJSb_ghVRXYTiQ', 1850000, false, 46, 167000872, '2016-05-09T19:52:44+00:00', '2026-03-29T17:10:21.122+00:00', NULL, '2026-03-29T17:10:21.821284+00:00'),
  ('UCLvjR-bH8y_XUqjavoPGgYw', 'Super Wings', 'The Official SUPERWINGS! Youtube channel. SUPER WINGS! WE DELIVER!

"Super Wings" is a new action-packed preschool series about an adorable jet plane named Jett who travels the world delivering packages to children. 
On every delivery, Jett encounters a new problem that he and his friend the Super Wings must work together to solve!


▶▶ https://www.facebook.com/SuperwingsOfficial', '@superwings_en', 'https://yt3.ggpht.com/gEXI0cyD0aWwLEFWqZzuPMpes8EZ2YXg9fna9CAG1X-8dmKJqt5839MP5_LZrjjb2mbrIN-WpMQ=s800-c-k-c0x00ffffff-no-rj', 'https://yt3.googleusercontent.com/kYMZbI5WO_Q1NPaKCzNos9yJe4Owzo50iHRaTsjaeQsnKfBbF0-1hup08MPUhI_yH359CesbKA', 5230000, false, 2569, 4154063596, '2015-04-17T06:03:52+00:00', '2026-03-29T17:10:52.811+00:00', NULL, '2026-03-29T17:10:53.60926+00:00'),
  ('UCGfFUc6eWxfbtjYeun6r9xg', 'FloatHeadPhysics', 'Weekly dose of most intuitive science explanations!             


', '@mahesh_shenoy', 'https://yt3.ggpht.com/aS40ZnQFHAtf7pTsAc2KCqD_ZQCy5xrK2t5zVqxZz7Siyfaqi4Hg34toZ0YaoltIUoKZI-5zCQ=s800-c-k-c0x00ffffff-no-rj', 'https://yt3.googleusercontent.com/ZGxKaLMlkl54jsdOT2j2HjaYiOGGhyfKLHMyeerseFOo5fwyz4Ob0n1UwC5RLvHGfMd27peSmw', 651000, false, 329, 37859873, '2014-10-17T11:44:21+00:00', '2026-03-29T17:12:01.127+00:00', NULL, '2026-03-29T17:12:01.98407+00:00'),
  ('UCtUbO6rBht0daVIOGML3c8w', 'Summoning Salt', 'For sponsorship inquiries - summoningsalt@clovertalent.gg

For other messages - summoningsalt@yahoo.com
', '@summoningsalt', 'https://yt3.ggpht.com/ytc/AIdro_n8NSEiNfCuno3JKW2ggFYNvxVUKPg2jzf2O_7W-pmkAv4=s800-c-k-c0x00ffffff-no-rj', 'https://yt3.googleusercontent.com/Mq8vOtxW-0k9UwRtmvgiLDovggsPNKt_C8tyM-69ydQTmpCg54RqjDGekbOyFSsM9HlL413BOg', 2100000, false, 73, 269271003, '2012-03-29T00:41:17+00:00', '2026-03-29T17:20:11.519+00:00', NULL, '2026-03-29T17:20:12.169872+00:00');

-- creators: 33 rows
INSERT INTO pradotube.creators (id, name, slug, avatar_channel_id, cover_channel_id, display_order, created_at, priority, sort_name) VALUES
  ('319ed197-dba0-4027-9ba8-abd2309d529a', 'Brooke and Riley', 'brooke-and-riley', 'UCqrdqFnxnZ_3TUYYK5yGi8g', 'UCqrdqFnxnZ_3TUYYK5yGi8g', 0, '2026-03-20T23:52:24.388937+00:00', 50, 'Brooke and Riley'),
  ('b58025c1-13af-4b5f-a7f0-edcc77cd9cfa', 'Dash', 'dash', 'UCOfyvsftRqM5yyqpT392b4A', 'UCOfyvsftRqM5yyqpT392b4A', 1, '2026-03-21T00:02:40.342456+00:00', 50, 'Dash'),
  ('b66ed461-dbcc-4481-81a5-4f8f451a3eab', 'Aaron & LB', 'aaron-and-lb', 'UCxaS4JFV0AHPwVXw-2GM00w', 'UCxaS4JFV0AHPwVXw-2GM00w', 2, '2026-03-21T00:02:40.6673+00:00', 50, 'Aaron & LB'),
  ('44cf0cf2-ff55-4f25-803f-9dce1f02f2e2', 'Meekah', 'meekah', 'UCNOZxp1t2Ml-d6Lnhl6tzwg', 'UCNOZxp1t2Ml-d6Lnhl6tzwg', 3, '2026-03-21T05:21:23.948038+00:00', 50, 'Meekah'),
  ('03976c43-0e62-4603-bd94-0b531af336b4', 'T-Rex Ranch', 't-rex-ranch', 'UCJykHJfN9FHtf79IgYE00zg', 'UCJykHJfN9FHtf79IgYE00zg', 4, '2026-03-21T05:21:44.264066+00:00', 50, 'T-Rex Ranch'),
  ('f9f579a2-892b-4b0e-925d-2a21cde42344', 'Blippi', 'blippi', 'UC-Gm4EN7nNNR3k67J8ywF4g', 'UC-Gm4EN7nNNR3k67J8ywF4g', 5, '2026-03-21T05:21:56.050367+00:00', 50, 'Blippi'),
  ('e928b108-64d3-47f1-84ac-24f66bbfb1b4', 'Mackenzie Turner', 'mackenzie-turner', 'UCB-t8TRKLS0LsmEzlQFBUGg', 'UCB-t8TRKLS0LsmEzlQFBUGg', 6, '2026-03-21T05:30:50.146744+00:00', 50, 'Mackenzie Turner'),
  ('3a9952b8-2f02-44d0-9efe-4a3c6e64bb9a', 'Mikey & JJ', 'mikey-and-jj', 'UCIc2JE2ByS4VtFaHmr98Qbw', 'UCIc2JE2ByS4VtFaHmr98Qbw', 7, '2026-03-21T05:31:10.502661+00:00', 50, 'Mikey & JJ'),
  ('a3d50a67-e7d3-46fa-a290-541e7245e461', 'Peachybbies', 'peachybbies', 'UCrv0rZSx_6LWaZVWHWQdnlQ', 'UCrv0rZSx_6LWaZVWHWQdnlQ', 9, '2026-03-21T23:23:34.924957+00:00', 50, 'Peachybbies'),
  ('62cac2dd-c58b-4abf-8d73-64da34688ae7', 'The Royalty Family', 'the-royalty-family', 'UCja7QUMRG9AD8X2F_vXFb9A', 'UCja7QUMRG9AD8X2F_vXFb9A', 10, '2026-03-21T23:23:46.211019+00:00', 50, 'Royalty Family'),
  ('56272495-9e05-483d-a79f-18d9ebbc37e8', 'Rebecca Zamolo', 'rebecca-zamolo', 'UCfw8x3VR-ElcaWW2Tg_jgSA', 'UCfw8x3VR-ElcaWW2Tg_jgSA', 11, '2026-03-21T23:24:02.679089+00:00', 50, 'Rebecca Zamolo'),
  ('e0579eb0-45d5-496b-8260-bfff7fe00cf1', 'Anna McNulty', 'anna-mcnulty', 'UCPIavfNa4DTfHXDBaFOHuKA', 'UCPIavfNa4DTfHXDBaFOHuKA', 12, '2026-03-21T23:24:19.991862+00:00', 50, 'Anna McNulty'),
  ('fa4e2b46-3e64-4f1b-83f8-ac07ab2b0706', 'Disney', 'disney', 'UC7Gf2tZ8coTX2ckTPgn62iQ', 'UC7Gf2tZ8coTX2ckTPgn62iQ', 0, '2026-03-21T23:24:49.697831+00:00', 50, 'Disney'),
  ('c3a04fc3-8e37-446c-9734-dcfd830651ad', 'Handyman Hal', 'handyman-hal', 'UC8KyyhPfL4v2sZGbcGg7b7Q', 'UC8KyyhPfL4v2sZGbcGg7b7Q', 13, '2026-03-21T23:25:23.484911+00:00', 50, 'Handyman Hal'),
  ('2303fe44-6971-48c7-aaa1-26a704980541', 'Poke', 'poke', 'UC_zKc41jwUVzqQhNHThYVDg', 'UC_zKc41jwUVzqQhNHThYVDg', 8, '2026-03-21T23:23:23.449086+00:00', 50, 'Poke'),
  ('7a2a74d7-0ff2-4d86-8e77-bce0ab003c10', 'Eves', 'eves', 'UCiN883_X_vnyYnWfuGvcvMA', 'UCiN883_X_vnyYnWfuGvcvMA', 14, '2026-03-21T23:26:13.717468+00:00', 50, 'Eves'),
  ('9cc3c1c8-7332-4482-9e97-bffe65eb3e8d', 'Shiloh & Bros', 'shiloh-and-bros', 'UCn3AViOfcFN4zIICMC5hvPg', 'UCn3AViOfcFN4zIICMC5hvPg', 15, '2026-03-21T23:26:25.332044+00:00', 50, 'Shiloh & Bros'),
  ('59bd95b1-37f0-4459-ace0-490a9d584379', 'The Anazala Family', 'the-anazala-family', 'UC5Hi0UkephOloKgZKLM9e-w', 'UC5Hi0UkephOloKgZKLM9e-w', 16, '2026-03-21T23:26:38.593866+00:00', 50, 'Anazala Family'),
  ('b289c9ea-a4b8-4aa7-894a-32b6e9aaefcd', 'Genevieve''s Playhouse', 'genevieve-s-playhouse', 'UCK5Q72Uyo73uRPk8PmM2A3w', 'UCK5Q72Uyo73uRPk8PmM2A3w', 17, '2026-03-21T23:26:45.820473+00:00', 50, 'Genevieve''s Playhouse'),
  ('43bc5d03-6498-4f70-9a54-bf08f2467251', 'Pokémon', 'poke-mon', 'UC8wrbl5viYtQmRUgdFdf4ew', 'UC8wrbl5viYtQmRUgdFdf4ew', 18, '2026-03-21T23:26:57.935627+00:00', 50, 'Pokémon'),
  ('225e5e41-0658-43ba-8de6-27d25c806d61', 'Nick Jr.', 'nick-jr', 'UCUe6ZpY6TJ0no8jI4l2iLxw', 'UCUe6ZpY6TJ0no8jI4l2iLxw', 20, '2026-03-21T23:27:49.533679+00:00', 50, 'Nick Jr.'),
  ('eae6031a-f142-4597-8c03-b74a930612c5', 'Paw Patrol', 'paw-patrol', 'UCSVSJ1OCSv5ClFgKFTHIDew', 'UCSVSJ1OCSv5ClFgKFTHIDew', 19, '2026-03-21T23:27:15.003453+00:00', 50, 'Paw Patrol'),
  ('6e919b11-d338-478c-94a1-43864e23c3c7', 'Checkpoint', 'checkpoint', 'UCm99c6g9MKBL4lNTlWrjyFQ', 'UCm99c6g9MKBL4lNTlWrjyFQ', 21, '2026-03-21T23:50:45.757403+00:00', 50, 'Checkpoint'),
  ('0365ad6f-cfa3-4941-a374-81fa0c914dbc', 'Nora', 'nora', 'UC-Mj4j-Tr648dfJ4ud_Jb2A', 'UC-Mj4j-Tr648dfJ4ud_Jb2A', 22, '2026-03-21T23:56:39.287526+00:00', 50, 'Nora'),
  ('60fb5327-66cc-4624-bdf6-945f40ddb7c8', 'Angelazz', 'angelazz', 'UChsrh0uLB7-HWLRcTJ2X30w', 'UChsrh0uLB7-HWLRcTJ2X30w', 23, '2026-03-22T03:59:41.960222+00:00', 50, 'Angelazz'),
  ('a01650a5-f8e5-4507-8026-6a61e7f2cea9', 'Ashley', 'ashley', 'UCJdm97nNlV8Xy0X5hmOEdtw', 'UCJdm97nNlV8Xy0X5hmOEdtw', 24, '2026-03-22T04:12:22.028201+00:00', 50, 'Ashley'),
  ('2512afac-bac0-4551-8b12-530440ff9235', 'Homemade Documentaries', 'homemade-documentaries', 'UCyAifYIumNpXdKJM5O_olVA', 'UCyAifYIumNpXdKJM5O_olVA', 25, '2026-03-25T16:51:08.464871+00:00', 50, 'Homemade Documentaries'),
  ('25c75e6a-72b1-4ddf-900a-f222d4d50aa8', 'History of the Universe', 'history-of-the-universe', 'UCtRFmSyL4fSLQkn-wMqlmdA', 'UCtRFmSyL4fSLQkn-wMqlmdA', 26, '2026-03-25T16:52:29.688139+00:00', 50, 'History of the Universe'),
  ('8a0d4d85-bede-44d1-a8eb-13e0db12285c', 'Veritasium', 'veritasium', 'UCHnyfMqiRRG1u-2MsSQLbXA', 'UCHnyfMqiRRG1u-2MsSQLbXA', 27, '2026-03-29T17:13:22.338273+00:00', 50, 'Veritasium'),
  ('311831ee-193e-4384-b3c8-5917a813348f', 'Animagraffs', 'animagraffs', 'UCnZeeKO8qVdtkrA4-uKhtTw', 'UCnZeeKO8qVdtkrA4-uKhtTw', 28, '2026-03-29T17:13:29.088882+00:00', 50, 'Animagraffs'),
  ('9bd11e57-3363-4702-8207-814ef324a5e7', 'Super Wings', 'super-wings', 'UCLvjR-bH8y_XUqjavoPGgYw', 'UCLvjR-bH8y_XUqjavoPGgYw', 29, '2026-03-29T17:13:37.398848+00:00', 50, 'Super Wings'),
  ('1257641a-ac14-4d76-9f1e-e86be3cc3330', 'FloatHeadPhysics', 'floatheadphysics', 'UCGfFUc6eWxfbtjYeun6r9xg', 'UCGfFUc6eWxfbtjYeun6r9xg', 30, '2026-03-29T17:13:50.856172+00:00', 50, 'FloatHeadPhysics'),
  ('0aae58ea-3909-4962-adf2-56dad25ca78f', 'Summoning Salt', 'summoning-salt', 'UCtUbO6rBht0daVIOGML3c8w', 'UCtUbO6rBht0daVIOGML3c8w', 31, '2026-03-29T17:20:21.005022+00:00', 50, 'Summoning Salt');

-- curated_channels: 59 rows
INSERT INTO pradotube.curated_channels (id, channel_id, display_order, notes, created_at, creator_id, priority, date_range_override, min_duration_override, last_full_refresh_at, max_videos_override, sync_mode, storage_budget_gb, catalog_fraction, scoring_alpha, min_duration_seconds, max_duration_seconds) VALUES
  ('c2692ff1-9f45-4ff6-839a-bdea555add56', 'UCtNxjL-8WeFZ6LbfrOYgNoQ', 6, NULL, '2026-03-20T22:21:25.267006+00:00', 'b58025c1-13af-4b5f-a7f0-edcc77cd9cfa', 50, NULL, NULL, '2026-04-04T16:06:58.783514+00:00', NULL, 'sync', 20.0, 0.6, 0.3, 60, 3600),
  ('eccc983a-2a8d-4f85-8cf8-351847286ccf', 'UCpHCfDBZ3AJyuofz6DHy-ew', 7, NULL, '2026-03-20T22:25:37.043596+00:00', 'b58025c1-13af-4b5f-a7f0-edcc77cd9cfa', 50, NULL, NULL, '2026-04-04T19:19:11.978313+00:00', NULL, 'sync', 20.0, 0.6, 0.3, 60, 3600),
  ('a118adcc-ccb2-4c8e-9588-2b739fc01dd2', 'UCJykHJfN9FHtf79IgYE00zg', 8, NULL, '2026-03-21T01:23:42.78233+00:00', '03976c43-0e62-4603-bd94-0b531af336b4', 50, NULL, NULL, '2026-04-04T23:09:53.752076+00:00', NULL, 'sync', 65.0, 0.6, 0.3, 60, 3600),
  ('ac08e61f-2aed-4ae1-a255-78cd89c6c284', 'UCTHDPeOUn0xGxsKv6j_-oZQ', 9, NULL, '2026-03-21T01:33:31.818883+00:00', 'f9f579a2-892b-4b0e-925d-2a21cde42344', 50, NULL, NULL, '2026-04-05T02:18:01.802906+00:00', NULL, 'sync', 20.0, 0.6, 0.3, 60, 3600),
  ('ea99e432-b0f2-4339-a6fc-a42cfc16092c', 'UCj-GAUi7XDsAF2BJ7IBqLdg', 10, NULL, '2026-03-21T01:33:44.467667+00:00', 'f9f579a2-892b-4b0e-925d-2a21cde42344', 50, NULL, NULL, '2026-04-05T03:31:30.361102+00:00', NULL, 'sync', 20.0, 0.6, 0.3, 60, 3600),
  ('067bc729-f1bf-4cfa-831a-588da8af4c55', 'UC-Gm4EN7nNNR3k67J8ywF4g', 11, NULL, '2026-03-21T01:33:53.794263+00:00', 'f9f579a2-892b-4b0e-925d-2a21cde42344', 50, NULL, NULL, '2026-04-05T05:08:26.526977+00:00', NULL, 'sync', 35.0, 0.6, 0.3, 60, 3600),
  ('860bcafd-cbe9-4ac6-9b5a-496426e4f656', 'UCNOZxp1t2Ml-d6Lnhl6tzwg', 12, NULL, '2026-03-21T01:34:00.972974+00:00', '44cf0cf2-ff55-4f25-803f-9dce1f02f2e2', 50, NULL, NULL, '2026-04-06T13:53:40.438841+00:00', NULL, 'sync', 16.0, 0.6, 0.3, 60, 3600),
  ('17b9d2ae-fd43-4ce1-8c56-529c999cc520', 'UCx3RchaoRFpDpB60x7xRREw', 13, NULL, '2026-03-21T01:34:09.091656+00:00', '44cf0cf2-ff55-4f25-803f-9dce1f02f2e2', 50, NULL, NULL, '2026-04-06T19:34:23.439117+00:00', NULL, 'sync', 20.0, 0.6, 0.3, 60, 3600),
  ('be207817-54fb-4c64-8908-46cebf84d75e', 'UC_alpWYj6C5A4HDe22u1QNg', 14, NULL, '2026-03-21T05:23:49.223075+00:00', '3a9952b8-2f02-44d0-9efe-4a3c6e64bb9a', 50, NULL, NULL, '2026-04-07T06:28:13.860212+00:00', NULL, 'sync', 20.0, 0.6, 0.3, 60, 3600),
  ('28e9a176-1847-4bac-8fb6-df502595d3de', 'UCIc2JE2ByS4VtFaHmr98Qbw', 15, NULL, '2026-03-21T05:24:03.91359+00:00', '3a9952b8-2f02-44d0-9efe-4a3c6e64bb9a', 50, NULL, NULL, '2026-04-07T15:23:56.062133+00:00', NULL, 'sync', 20.0, 0.6, 0.3, 60, 3600),
  ('d856ce4d-c783-404e-a995-a1e20e8ecee3', 'UC-W8qoCbIZmBOkLFSGFdyFw', 17, NULL, '2026-03-21T05:27:44.630444+00:00', 'e928b108-64d3-47f1-84ac-24f66bbfb1b4', 50, NULL, NULL, '2026-04-08T06:04:59.322309+00:00', NULL, 'sync', 20.0, 0.6, 0.3, 60, 3600),
  ('c9f6fa45-2dcc-4f50-b9e6-435247aeb17e', 'UCemQFBcmyWIXj5LHpQ8OeAw', 41, NULL, '2026-03-21T23:20:43.3676+00:00', '9cc3c1c8-7332-4482-9e97-bffe65eb3e8d', 50, NULL, NULL, '2026-04-12T02:18:40.137701+00:00', NULL, 'sync', 20.0, 0.6, 0.3, 60, 3600),
  ('31c5fb21-01c7-4661-a331-1f7d214f68ac', 'UCxaS4JFV0AHPwVXw-2GM00w', 0, NULL, '2026-03-20T08:33:28.242357+00:00', 'b66ed461-dbcc-4481-81a5-4f8f451a3eab', 50, NULL, NULL, '2026-04-13T20:21:29.58992+00:00', NULL, 'sync', 20.0, 0.6, 0.3, 60, 3600),
  ('7f8643aa-648a-462b-8f10-d46e96921bf0', 'UCHnyfMqiRRG1u-2MsSQLbXA', 54, NULL, '2026-03-29T17:10:07.768265+00:00', '8a0d4d85-bede-44d1-a8eb-13e0db12285c', 50, NULL, NULL, '2026-04-13T22:40:40.789766+00:00', 50, 'sync', 30.0, 0.6, 0.3, 60, 3600),
  ('fbe63713-1dbd-4bbb-82b6-0df8c6549fb6', 'UCLvjR-bH8y_XUqjavoPGgYw', 56, NULL, '2026-03-29T17:10:53.767664+00:00', '9bd11e57-3363-4702-8207-814ef324a5e7', 50, NULL, NULL, '2026-04-14T06:19:46.493037+00:00', NULL, 'sync', 20.0, 0.6, 0.3, 60, 3600),
  ('12af17da-7da2-4833-99fd-9c08a41b9c23', 'UCGfFUc6eWxfbtjYeun6r9xg', 57, NULL, '2026-03-29T17:12:02.244527+00:00', '1257641a-ac14-4d76-9f1e-e86be3cc3330', 50, NULL, NULL, '2026-04-14T10:18:53.500377+00:00', 50, 'sync', 20.0, 0.6, 0.3, 60, 3600),
  ('58763fff-4a66-4adc-9524-b6b1bbcbf817', 'UCNcdbMyA59zE-Vk668bKWOg', 30, NULL, '2026-03-21T23:15:29.255177+00:00', 'fa4e2b46-3e64-4f1b-83f8-ac07ab2b0706', 50, NULL, NULL, '2026-04-10T06:20:23.863222+00:00', NULL, 'sync', 20.0, 0.6, 0.3, 60, 3600),
  ('52682a58-3fa5-411f-93f4-fec7f84b0402', 'UC7Gf2tZ8coTX2ckTPgn62iQ', 31, NULL, '2026-03-21T23:15:44.140108+00:00', 'fa4e2b46-3e64-4f1b-83f8-ac07ab2b0706', 50, NULL, NULL, '2026-04-10T10:19:57.9642+00:00', NULL, 'sync', 20.0, 0.6, 0.3, 60, 3600),
  ('4d3aa9b8-c68a-442f-9b02-5e4ba91171d5', 'UC8KyyhPfL4v2sZGbcGg7b7Q', 35, NULL, '2026-03-21T23:16:49.958366+00:00', 'c3a04fc3-8e37-446c-9734-dcfd830651ad', 50, NULL, NULL, '2026-04-10T22:18:49.130135+00:00', NULL, 'sync', 20.0, 0.6, 0.3, 60, 3600),
  ('217521ef-40b9-4905-89f1-6adb76f7da4f', 'UCW9j7IUcGO4kaRSCbQHPq5g', 36, NULL, '2026-03-21T23:19:41.754886+00:00', '2303fe44-6971-48c7-aaa1-26a704980541', 50, NULL, NULL, '2026-04-11T02:18:41.15043+00:00', NULL, 'sync', 16.0, 0.6, 0.3, 60, 3600),
  ('b74cb9d7-96ad-493b-85bf-d1045e7503ba', 'UCfw8x3VR-ElcaWW2Tg_jgSA', 33, NULL, '2026-03-21T23:16:21.424803+00:00', '56272495-9e05-483d-a79f-18d9ebbc37e8', 50, NULL, NULL, '2026-04-11T06:19:04.721586+00:00', NULL, 'sync', 20.0, 0.6, 0.3, 60, 3600),
  ('f62dff4b-7acb-48ac-a98b-b1d914a30b22', 'UC_zKc41jwUVzqQhNHThYVDg', 38, NULL, '2026-03-21T23:19:55.34034+00:00', '2303fe44-6971-48c7-aaa1-26a704980541', 50, NULL, NULL, '2026-04-11T14:18:50.674889+00:00', NULL, 'sync', 16.0, 0.6, 0.3, 60, 3600),
  ('312d5bcf-7405-4c17-848a-ed2be930145c', 'UCyAifYIumNpXdKJM5O_olVA', 52, NULL, '2026-03-25T16:51:01.556408+00:00', '2512afac-bac0-4551-8b12-530440ff9235', 100, NULL, NULL, '2026-04-13T22:18:40.952655+00:00', 100, 'archive', 70.0, 0.6, 0.3, 60, 0),
  ('711c294c-8220-42cf-a7e1-9c246881d79d', 'UCtRFmSyL4fSLQkn-wMqlmdA', 53, NULL, '2026-03-25T16:52:23.820805+00:00', '25c75e6a-72b1-4ddf-900a-f222d4d50aa8', 100, NULL, NULL, '2026-04-13T22:31:30.565187+00:00', 100, 'archive', 100.0, 0.6, 0.3, 60, 0),
  ('a649426b-721b-4abd-abd5-9a4a76842084', 'UCtUbO6rBht0daVIOGML3c8w', 58, NULL, '2026-03-29T17:20:12.285593+00:00', '0aae58ea-3909-4962-adf2-56dad25ca78f', 50, NULL, NULL, '2026-04-14T03:18:49.312704+00:00', 50, 'archive', 85.0, 0.6, 0.3, 60, 0),
  ('a8257807-fea3-43d6-a011-6f4d9f1cc7f6', 'UCrv0rZSx_6LWaZVWHWQdnlQ', 22, NULL, '2026-03-21T23:12:45.31824+00:00', 'a3d50a67-e7d3-46fa-a290-541e7245e461', 50, NULL, 60, '2026-04-08T22:20:15.561077+00:00', NULL, 'sync', 20.0, 0.6, 0.3, 60, 3600),
  ('a25775ea-9110-4a6b-9c16-fc9bf317902d', 'UC5Hi0UkephOloKgZKLM9e-w', 23, NULL, '2026-03-21T23:13:16.404011+00:00', '59bd95b1-37f0-4459-ace0-490a9d584379', 50, NULL, NULL, '2026-04-09T02:18:43.982356+00:00', NULL, 'sync', 25.0, 0.6, 0.3, 60, 3600),
  ('e605376d-dc06-4da3-b1c6-6a683df00d47', 'UCj5XYDEEJbUXoJugGkP4SZg', 42, NULL, '2026-03-21T23:20:55.22566+00:00', '0365ad6f-cfa3-4941-a374-81fa0c914dbc', 50, NULL, NULL, '2026-04-12T06:19:01.754086+00:00', NULL, 'sync', 20.0, 0.6, 0.3, 60, 3600),
  ('31d04dac-5592-422d-97f8-402a6688b227', 'UCja7QUMRG9AD8X2F_vXFb9A', 24, NULL, '2026-03-21T23:13:24.450841+00:00', '62cac2dd-c58b-4abf-8d73-64da34688ae7', 50, NULL, NULL, '2026-04-09T06:18:56.508499+00:00', NULL, 'sync', 20.0, 0.6, 0.3, 60, 3600),
  ('885e816f-a5b8-4887-9fbf-1e046863b22b', 'UCAHXKUBO1FSNsvWv9D8vLIg', 25, NULL, '2026-03-21T23:13:31.150602+00:00', '56272495-9e05-483d-a79f-18d9ebbc37e8', 50, NULL, NULL, '2026-04-09T10:18:45.936709+00:00', NULL, 'sync', 20.0, 0.6, 0.3, 60, 3600),
  ('5c2d9d36-34f9-4756-b97d-977d744fbe18', 'UCJHBJ7F-nAIlMGolm0Hu4vg', 43, NULL, '2026-03-21T23:21:05.961068+00:00', '3a9952b8-2f02-44d0-9efe-4a3c6e64bb9a', 50, NULL, NULL, '2026-04-12T10:19:05.543391+00:00', NULL, 'sync', 20.0, 0.6, 0.3, 60, 3600),
  ('89d68ce4-f632-4999-b376-21d1862c807d', 'UCemhZ2At2lgifTJLClGCz9A', 26, NULL, '2026-03-21T23:13:47.996037+00:00', '62cac2dd-c58b-4abf-8d73-64da34688ae7', 50, NULL, NULL, '2026-04-09T14:18:39.233436+00:00', NULL, 'sync', 20.0, 0.6, 0.3, 60, 3600),
  ('951416ad-aec7-4afe-bc3e-a63a585e9507', 'UCiN883_X_vnyYnWfuGvcvMA', 44, NULL, '2026-03-21T23:21:17.236616+00:00', '7a2a74d7-0ff2-4d86-8e77-bce0ab003c10', 50, NULL, NULL, '2026-04-12T14:18:48.56218+00:00', NULL, 'sync', 25.0, 0.6, 0.3, 60, 3600),
  ('7d879417-f21f-4620-9f5a-16fb150585ca', 'UCJCZu4h58GC_W3kmtDUtQCQ', 27, NULL, '2026-03-21T23:13:56.658432+00:00', '60fb5327-66cc-4624-bdf6-945f40ddb7c8', 50, NULL, NULL, '2026-04-09T18:18:49.143783+00:00', NULL, 'sync', 20.0, 0.6, 0.3, 60, 3600),
  ('5b091a40-d37e-4732-8cf4-7908e468eabc', 'UCK5Q72Uyo73uRPk8PmM2A3w', 28, NULL, '2026-03-21T23:14:08.104264+00:00', 'b289c9ea-a4b8-4aa7-894a-32b6e9aaefcd', 50, NULL, NULL, '2026-04-09T22:18:51.678525+00:00', NULL, 'sync', 20.0, 0.6, 0.3, 60, 3600),
  ('502b3926-8355-448b-bc33-5feda87b1b9d', 'UCPIavfNa4DTfHXDBaFOHuKA', 29, NULL, '2026-03-21T23:14:40.819669+00:00', 'e0579eb0-45d5-496b-8260-bfff7fe00cf1', 50, NULL, NULL, '2026-04-10T02:18:46.380135+00:00', NULL, 'sync', 20.0, 0.6, 0.3, 60, 3600),
  ('8cf18bca-0624-4f5d-9bde-4976570e1269', 'UC5MjLXU6r4hhTE39CAekJhw', 2, NULL, '2026-03-20T22:16:46.592137+00:00', '319ed197-dba0-4027-9ba8-abd2309d529a', 50, NULL, NULL, '2026-04-04T07:10:00.206755+00:00', NULL, 'sync', 40.0, 0.6, 0.3, 60, 3600),
  ('2a685bd3-7e3b-4511-bd98-93f0d7da3c51', 'UCPzIK6Bgv94MuhFXfHzdXmw', 4, NULL, '2026-03-20T22:17:11.120595+00:00', '319ed197-dba0-4027-9ba8-abd2309d529a', 50, NULL, NULL, '2026-04-04T09:02:13.450298+00:00', NULL, 'sync', 70.0, 0.6, 0.3, 60, 3600),
  ('960be241-8ab9-4f32-94e4-6b5e3eb33a6c', 'UCOfyvsftRqM5yyqpT392b4A', 5, NULL, '2026-03-20T22:21:08.635256+00:00', 'b58025c1-13af-4b5f-a7f0-edcc77cd9cfa', 50, NULL, NULL, '2026-04-04T14:07:44.391367+00:00', NULL, 'sync', 20.0, 0.6, 0.3, 60, 3600),
  ('173661c1-00e9-484d-a9b0-a32316d38643', 'UCOHuBFdvxYsE70d1OGRJN_w', 16, NULL, '2026-03-21T05:24:14.405672+00:00', '3a9952b8-2f02-44d0-9efe-4a3c6e64bb9a', 50, NULL, NULL, '2026-04-08T03:14:18.078408+00:00', NULL, 'sync', 55.0, 0.6, 0.3, 60, 3600),
  ('17f2bd61-6736-4005-a619-c7f54fed1c09', 'UCt9rlCOS_VDRgmd-cuaTy5A', 18, NULL, '2026-03-21T05:27:49.766361+00:00', 'e928b108-64d3-47f1-84ac-24f66bbfb1b4', 50, NULL, NULL, '2026-04-08T06:20:44.95631+00:00', NULL, 'sync', 20.0, 0.6, 0.3, 60, 3600),
  ('a8e53011-c986-427d-8605-292beb1bf053', 'UCB-t8TRKLS0LsmEzlQFBUGg', 19, NULL, '2026-03-21T05:28:33.442542+00:00', 'e928b108-64d3-47f1-84ac-24f66bbfb1b4', 50, NULL, NULL, '2026-04-08T10:18:40.189814+00:00', NULL, 'sync', 16.0, 0.6, 0.3, 60, 3600),
  ('28172859-422f-405d-8f04-a20bd53fe5ae', 'UCDWGN907vfsiIFT3kt05W1Q', 20, NULL, '2026-03-21T05:29:50.195198+00:00', 'e928b108-64d3-47f1-84ac-24f66bbfb1b4', 50, NULL, NULL, '2026-04-08T14:18:37.875729+00:00', NULL, 'sync', 130.0, 0.6, 0.3, 60, 3600),
  ('c013f38e-2727-4ddf-980e-049498a2befd', 'UCu_gIEWdQl1eEwHL_ompyTQ', 45, NULL, '2026-03-21T23:21:23.569395+00:00', '7a2a74d7-0ff2-4d86-8e77-bce0ab003c10', 50, NULL, NULL, '2026-04-12T18:18:43.785049+00:00', NULL, 'sync', 20.0, 0.6, 0.3, 60, 3600),
  ('8b48c933-f6fc-4037-9689-20914d03034e', 'UCJdm97nNlV8Xy0X5hmOEdtw', 32, NULL, '2026-03-21T23:15:52.884169+00:00', 'a01650a5-f8e5-4507-8026-6a61e7f2cea9', 50, NULL, NULL, '2026-04-10T14:20:18.592364+00:00', NULL, 'sync', 20.0, 0.6, 0.3, 60, 3600),
  ('b0d2c6d4-a1fb-4f82-9e99-21bd20e67538', 'UCMPKq9xxIiAtfkOFW8gYwNw', 34, NULL, '2026-03-21T23:16:38.081434+00:00', 'eae6031a-f142-4597-8c03-b74a930612c5', 50, NULL, NULL, '2026-04-10T18:18:53.954198+00:00', NULL, 'sync', 60.0, 0.6, 0.3, 60, 3600),
  ('ea4b47b2-8584-42dc-8a2b-536e28114b11', 'UC4vqfzEo7M2vKJhMgQpBykQ', 21, NULL, '2026-03-21T23:12:34.770487+00:00', '319ed197-dba0-4027-9ba8-abd2309d529a', 50, NULL, NULL, '2026-04-08T18:18:41.15378+00:00', NULL, 'sync', 20.0, 0.6, 0.3, 60, 3600),
  ('e0d64da8-ea6a-44cd-abfc-ec9a57ada97c', 'UC8wrbl5viYtQmRUgdFdf4ew', 37, NULL, '2026-03-21T23:19:49.249442+00:00', '43bc5d03-6498-4f70-9a54-bf08f2467251', 50, NULL, NULL, '2026-04-11T10:19:09.515774+00:00', NULL, 'sync', 20.0, 0.6, 0.3, 60, 3600),
  ('dcfab9f1-1618-442b-b735-c83236b59480', 'UCJbbYCOu7LU2MoFpJKtNK1Q', 39, NULL, '2026-03-21T23:20:13.591635+00:00', '3a9952b8-2f02-44d0-9efe-4a3c6e64bb9a', 50, NULL, NULL, '2026-04-11T18:18:52.540325+00:00', NULL, 'sync', 20.0, 0.6, 0.3, 60, 3600),
  ('1381ebf1-d6f6-4e23-9735-60cbf97c02a1', 'UCn3AViOfcFN4zIICMC5hvPg', 40, NULL, '2026-03-21T23:20:38.380762+00:00', '9cc3c1c8-7332-4482-9e97-bffe65eb3e8d', 50, NULL, NULL, '2026-04-11T22:18:52.795038+00:00', 50, 'sync', 20.0, 0.6, 0.3, 60, 3600),
  ('088415c0-9fb7-4a10-bf87-ae42cc1331d1', 'UCUe6ZpY6TJ0no8jI4l2iLxw', 46, NULL, '2026-03-21T23:27:38.983115+00:00', '225e5e41-0658-43ba-8de6-27d25c806d61', 50, NULL, NULL, '2026-04-12T22:20:56.999944+00:00', NULL, 'sync', 20.0, 0.6, 0.3, 60, 3600),
  ('9f56f9a7-f002-48f1-bfc9-618b42650c69', 'UCSVSJ1OCSv5ClFgKFTHIDew', 47, NULL, '2026-03-21T23:27:44.063439+00:00', 'eae6031a-f142-4597-8c03-b74a930612c5', 50, NULL, NULL, '2026-04-13T02:21:17.735041+00:00', NULL, 'sync', 70.0, 0.6, 0.3, 60, 3600),
  ('9726cbc7-fcac-4acc-ae7d-c946dae280e6', 'UCaEb7kPgpldLuEzCRzFXsLw', 48, NULL, '2026-03-21T23:31:16.988464+00:00', '225e5e41-0658-43ba-8de6-27d25c806d61', 50, NULL, NULL, '2026-04-13T06:19:48.058905+00:00', NULL, 'sync', 20.0, 0.6, 0.3, 60, 3600),
  ('490b32af-83b5-436e-bc1a-2a0d36b696ef', 'UCm99c6g9MKBL4lNTlWrjyFQ', 49, NULL, '2026-03-21T23:50:37.960737+00:00', '6e919b11-d338-478c-94a1-43864e23c3c7', 50, NULL, NULL, '2026-04-13T10:19:41.982595+00:00', NULL, 'sync', 20.0, 0.6, 0.3, 60, 3600),
  ('3df12a38-17d1-4ed0-a55d-3827a1a25cd9', 'UC-Mj4j-Tr648dfJ4ud_Jb2A', 50, NULL, '2026-03-21T23:56:29.312875+00:00', '0365ad6f-cfa3-4941-a374-81fa0c914dbc', 50, NULL, NULL, '2026-04-13T14:18:40.845825+00:00', NULL, 'sync', 20.0, 0.6, 0.3, 60, 3600),
  ('effcd874-0bb8-41ff-86bc-7592489567c7', 'UChsrh0uLB7-HWLRcTJ2X30w', 51, NULL, '2026-03-22T03:59:23.82047+00:00', '60fb5327-66cc-4624-bdf6-945f40ddb7c8', 50, NULL, NULL, '2026-04-13T19:22:57.122828+00:00', NULL, 'sync', 20.0, 0.6, 0.3, 60, 3600),
  ('3203498e-cc32-40d0-a2ba-c55c7ea02663', 'UCnZeeKO8qVdtkrA4-uKhtTw', 55, NULL, '2026-03-29T17:10:22.096854+00:00', '311831ee-193e-4384-b3c8-5917a813348f', 50, NULL, NULL, '2026-04-14T02:18:36.422559+00:00', 50, 'sync', 30.0, 0.6, 0.3, 60, 3600),
  ('9115d437-37ca-456e-8f74-5520a737ed19', 'UCqrdqFnxnZ_3TUYYK5yGi8g', 1, NULL, '2026-03-20T22:16:41.240283+00:00', '319ed197-dba0-4027-9ba8-abd2309d529a', 50, NULL, NULL, '2026-04-14T14:18:51.445674+00:00', NULL, 'sync', 20.0, 0.6, 0.3, 60, 3600),
  ('2cad180d-ac64-49da-bad8-cdff2e9794d1', 'UCL2lwTSHylLKTeqjIfIBoig', 3, NULL, '2026-03-20T22:17:04.841055+00:00', '319ed197-dba0-4027-9ba8-abd2309d529a', 50, NULL, NULL, '2026-04-14T18:18:49.432303+00:00', NULL, 'sync', 20.0, 0.6, 0.3, 60, 3600);

-- channel_calibration: 59 rows
INSERT INTO pradotube.channel_calibration (channel_id, calibrated_at, total_videos_sampled, videos_in_date_range, posts_per_week, avg_gap_days, median_gap_days, avg_duration_seconds, median_duration_seconds, passing_min60, passing_min60_max3600, passing_min300, passing_min300_max3600, duration_buckets) VALUES
  ('UCqrdqFnxnZ_3TUYYK5yGi8g', '2026-04-14T14:18:43.930436+00:00', 533, 533, 8.13, 0.9, 1.0, 960, 939, 521, 521, 520, 520, '{"1_2h": 0, "1_5m": 1, "5_10m": 0, "10_20m": 479, "20_30m": 41, "30_60m": 0, "over_2h": 0, "under_1m": 12}'::jsonb),
  ('UC5MjLXU6r4hhTE39CAekJhw', '2026-04-04T07:09:54.386686+00:00', 88, 88, 1.49, 4.7, 2.4, 980, 972, 88, 88, 88, 88, '{"1_2h": 0, "1_5m": 0, "5_10m": 0, "10_20m": 80, "20_30m": 8, "30_60m": 0, "over_2h": 0, "under_1m": 0}'::jsonb),
  ('UCpHCfDBZ3AJyuofz6DHy-ew', '2026-04-04T19:19:02.116278+00:00', 1461, 1461, 8.74, 0.8, 0.7, 1649, 1310, 1457, 1406, 1457, 1406, '{"1_2h": 41, "1_5m": 0, "5_10m": 0, "10_20m": 559, "20_30m": 552, "30_60m": 295, "over_2h": 10, "under_1m": 4}'::jsonb),
  ('UCOfyvsftRqM5yyqpT392b4A', '2026-04-04T14:07:33.570526+00:00', 1295, 1295, 11.85, 0.6, 0.9, 1152, 1120, 1285, 1284, 1283, 1282, '{"1_2h": 1, "1_5m": 2, "5_10m": 1, "10_20m": 836, "20_30m": 418, "30_60m": 27, "over_2h": 0, "under_1m": 10}'::jsonb),
  ('UCj-GAUi7XDsAF2BJ7IBqLdg', '2026-04-05T03:31:26.879395+00:00', 749, 749, 3.21, 2.2, 2.0, 6888, 7440, 563, 141, 539, 117, '{"1_2h": 85, "1_5m": 24, "5_10m": 11, "10_20m": 66, "20_30m": 17, "30_60m": 23, "over_2h": 337, "under_1m": 186}'::jsonb),
  ('UC-Gm4EN7nNNR3k67J8ywF4g', '2026-04-05T05:08:21.883166+00:00', 1576, 1576, 2.0, 3.5, 2.0, 2775, 2407, 1119, 804, 1002, 687, '{"1_2h": 188, "1_5m": 117, "5_10m": 44, "10_20m": 207, "20_30m": 104, "30_60m": 332, "over_2h": 127, "under_1m": 457}'::jsonb),
  ('UCJykHJfN9FHtf79IgYE00zg', '2026-04-04T23:09:49.420676+00:00', 1243, 1243, 1.76, 4.0, 3.0, 2557, 1988, 1083, 879, 997, 793, '{"1_2h": 112, "1_5m": 86, "5_10m": 119, "10_20m": 244, "20_30m": 36, "30_60m": 394, "over_2h": 92, "under_1m": 160}'::jsonb),
  ('UCOHuBFdvxYsE70d1OGRJN_w', '2026-04-08T03:14:14.014962+00:00', 1136, 1136, 6.09, 1.2, 1.0, 1439, 603, 1135, 900, 1099, 864, '{"1_2h": 237, "1_5m": 36, "5_10m": 499, "10_20m": 268, "20_30m": 22, "30_60m": 73, "over_2h": 0, "under_1m": 1}'::jsonb),
  ('UCTHDPeOUn0xGxsKv6j_-oZQ', '2026-04-05T02:17:58.211875+00:00', 642, 642, 2.99, 2.3, 2.0, 2020, 1856, 385, 277, 279, 171, '{"1_2h": 87, "1_5m": 106, "5_10m": 37, "10_20m": 15, "20_30m": 9, "30_60m": 110, "over_2h": 21, "under_1m": 257}'::jsonb),
  ('UCNOZxp1t2Ml-d6Lnhl6tzwg', '2026-04-06T13:53:37.690285+00:00', 945, 945, 3.91, 1.8, 2.0, 6662, 4018, 689, 271, 677, 259, '{"1_2h": 133, "1_5m": 12, "5_10m": 8, "10_20m": 178, "20_30m": 6, "30_60m": 67, "over_2h": 285, "under_1m": 256}'::jsonb),
  ('UCx3RchaoRFpDpB60x7xRREw', '2026-04-06T19:34:20.044545+00:00', 1167, 1167, 3.18, 2.2, 2.0, 3135, 2356, 678, 468, 625, 415, '{"1_2h": 123, "1_5m": 53, "5_10m": 27, "10_20m": 193, "20_30m": 16, "30_60m": 179, "over_2h": 87, "under_1m": 489}'::jsonb),
  ('UC4vqfzEo7M2vKJhMgQpBykQ', '2026-04-08T18:18:37.929458+00:00', 74, 74, 3.07, 2.3, 2.0, 1012, 863, 73, 70, 73, 70, '{"1_2h": 3, "1_5m": 0, "5_10m": 1, "10_20m": 67, "20_30m": 2, "30_60m": 0, "over_2h": 0, "under_1m": 1}'::jsonb),
  ('UCDWGN907vfsiIFT3kt05W1Q', '2026-04-08T14:18:37.187131+00:00', 177, 177, 6.39, 1.1, 1.0, 8706, 8938, 177, 3, 177, 3, '{"1_2h": 13, "1_5m": 0, "5_10m": 0, "10_20m": 0, "20_30m": 0, "30_60m": 3, "over_2h": 161, "under_1m": 0}'::jsonb),
  ('UC5Hi0UkephOloKgZKLM9e-w', '2026-04-09T02:18:40.36342+00:00', 277, 277, 0.83, 8.4, 7.0, 1291, 1211, 222, 214, 211, 203, '{"1_2h": 8, "1_5m": 11, "5_10m": 36, "10_20m": 46, "20_30m": 106, "30_60m": 15, "over_2h": 0, "under_1m": 55}'::jsonb),
  ('UC_alpWYj6C5A4HDe22u1QNg', '2026-04-07T06:28:09.806244+00:00', 1188, 1188, 6.23, 1.1, 1.0, 890, 965, 1188, 1188, 1173, 1173, '{"1_2h": 0, "1_5m": 15, "5_10m": 152, "10_20m": 1021, "20_30m": 0, "30_60m": 0, "over_2h": 0, "under_1m": 0}'::jsonb),
  ('UCIc2JE2ByS4VtFaHmr98Qbw', '2026-04-07T15:23:52.927315+00:00', 204, 204, 1.02, 6.9, 1.0, 501, 483, 204, 204, 175, 175, '{"1_2h": 0, "1_5m": 29, "5_10m": 159, "10_20m": 6, "20_30m": 9, "30_60m": 1, "over_2h": 0, "under_1m": 0}'::jsonb),
  ('UCja7QUMRG9AD8X2F_vXFb9A', '2026-04-09T06:18:51.797688+00:00', 844, 844, 1.87, 3.8, 2.8, 992, 934, 823, 822, 809, 808, '{"1_2h": 1, "1_5m": 14, "5_10m": 79, "10_20m": 536, "20_30m": 173, "30_60m": 20, "over_2h": 0, "under_1m": 21}'::jsonb),
  ('UCB-t8TRKLS0LsmEzlQFBUGg', '2026-04-08T10:18:39.323983+00:00', 208, 208, 0.52, 13.7, 6.9, 651, 631, 102, 102, 99, 99, '{"1_2h": 0, "1_5m": 3, "5_10m": 17, "10_20m": 82, "20_30m": 0, "30_60m": 0, "over_2h": 0, "under_1m": 106}'::jsonb),
  ('UCxaS4JFV0AHPwVXw-2GM00w', '2026-04-13T20:21:22.959285+00:00', 76, 76, 0.26, 27.0, 22.0, 917, 796, 63, 62, 56, 55, '{"1_2h": 1, "1_5m": 7, "5_10m": 10, "10_20m": 35, "20_30m": 5, "30_60m": 5, "over_2h": 0, "under_1m": 13}'::jsonb),
  ('UCemhZ2At2lgifTJLClGCz9A', '2026-04-09T14:18:38.111717+00:00', 177, 177, 0.63, 11.1, 7.0, 691, 667, 174, 174, 173, 173, '{"1_2h": 0, "1_5m": 1, "5_10m": 52, "10_20m": 119, "20_30m": 0, "30_60m": 2, "over_2h": 0, "under_1m": 3}'::jsonb),
  ('UC-W8qoCbIZmBOkLFSGFdyFw', '2026-04-08T06:04:53.353635+00:00', 1974, 1974, 6.19, 1.1, 1.0, 1496, 735, 1783, 1627, 1776, 1620, '{"1_2h": 37, "1_5m": 7, "5_10m": 126, "10_20m": 1433, "20_30m": 40, "30_60m": 21, "over_2h": 119, "under_1m": 191}'::jsonb),
  ('UCt9rlCOS_VDRgmd-cuaTy5A', '2026-04-08T06:20:41.334996+00:00', 791, 791, 1.76, 4.0, 3.0, 1101, 1066, 374, 371, 370, 367, '{"1_2h": 3, "1_5m": 4, "5_10m": 38, "10_20m": 195, "20_30m": 124, "30_60m": 10, "over_2h": 0, "under_1m": 417}'::jsonb),
  ('UCAHXKUBO1FSNsvWv9D8vLIg', '2026-04-09T10:18:42.105028+00:00', 443, 443, 1.45, 4.8, 4.1, 751, 526, 384, 377, 379, 372, '{"1_2h": 7, "1_5m": 5, "5_10m": 214, "10_20m": 145, "20_30m": 4, "30_60m": 9, "over_2h": 0, "under_1m": 59}'::jsonb),
  ('UCL2lwTSHylLKTeqjIfIBoig', '2026-04-14T18:18:41.198049+00:00', 216, 216, 2.44, 2.9, 1.7, 1210, 1026, 211, 201, 211, 201, '{"1_2h": 9, "1_5m": 0, "5_10m": 0, "10_20m": 175, "20_30m": 25, "30_60m": 1, "over_2h": 1, "under_1m": 5}'::jsonb),
  ('UCtNxjL-8WeFZ6LbfrOYgNoQ', '2026-04-04T16:06:49.612597+00:00', 436, 436, 1.59, 4.4, 2.7, 1136, 1116, 434, 434, 433, 433, '{"1_2h": 0, "1_5m": 1, "5_10m": 2, "10_20m": 285, "20_30m": 136, "30_60m": 10, "over_2h": 0, "under_1m": 2}'::jsonb),
  ('UCJCZu4h58GC_W3kmtDUtQCQ', '2026-04-09T18:18:44.980088+00:00', 731, 731, 2.8, 2.5, 2.0, 990, 895, 731, 719, 730, 718, '{"1_2h": 12, "1_5m": 1, "5_10m": 169, "10_20m": 417, "20_30m": 119, "30_60m": 13, "over_2h": 0, "under_1m": 0}'::jsonb),
  ('UCK5Q72Uyo73uRPk8PmM2A3w', '2026-04-09T22:18:47.112084+00:00', 718, 718, 1.29, 5.4, 2.6, 753, 601, 688, 679, 592, 583, '{"1_2h": 9, "1_5m": 96, "5_10m": 240, "10_20m": 252, "20_30m": 50, "30_60m": 41, "over_2h": 0, "under_1m": 30}'::jsonb),
  ('UCNcdbMyA59zE-Vk668bKWOg', '2026-04-10T06:20:10.459569+00:00', 6972, 6972, 7.27, 1.0, 0.7, 364, 131, 5789, 5729, 1023, 963, '{"1_2h": 43, "1_5m": 4766, "5_10m": 351, "10_20m": 224, "20_30m": 321, "30_60m": 67, "over_2h": 17, "under_1m": 1183}'::jsonb),
  ('UCfw8x3VR-ElcaWW2Tg_jgSA', '2026-04-11T06:18:52.985011+00:00', 1166, 1166, 1.84, 3.8, 3.1, 1156, 1143, 1135, 1118, 1043, 1026, '{"1_2h": 16, "1_5m": 92, "5_10m": 201, "10_20m": 315, "20_30m": 381, "30_60m": 129, "over_2h": 1, "under_1m": 31}'::jsonb),
  ('UC7Gf2tZ8coTX2ckTPgn62iQ', '2026-04-10T10:19:47.106835+00:00', 5107, 5107, 5.43, 1.3, 1.0, 225, 155, 4251, 4242, 569, 560, '{"1_2h": 7, "1_5m": 3682, "5_10m": 412, "10_20m": 62, "20_30m": 60, "30_60m": 26, "over_2h": 2, "under_1m": 856}'::jsonb),
  ('UCJdm97nNlV8Xy0X5hmOEdtw', '2026-04-10T14:20:05.616895+00:00', 5341, 5341, 8.29, 0.8, 1.0, 1532, 668, 4671, 4062, 4447, 3838, '{"1_2h": 458, "1_5m": 224, "5_10m": 1519, "10_20m": 1945, "20_30m": 96, "30_60m": 275, "over_2h": 154, "under_1m": 670}'::jsonb),
  ('UCMPKq9xxIiAtfkOFW8gYwNw', '2026-04-10T18:18:50.047786+00:00', 985, 985, 1.77, 4.0, 2.0, 2632, 1868, 780, 465, 546, 231, '{"1_2h": 271, "1_5m": 234, "5_10m": 78, "10_20m": 6, "20_30m": 27, "30_60m": 118, "over_2h": 46, "under_1m": 205}'::jsonb),
  ('UCj5XYDEEJbUXoJugGkP4SZg', '2026-04-12T06:18:46.169088+00:00', 663, 663, 1.79, 3.9, 2.9, 604, 554, 524, 520, 460, 456, '{"1_2h": 3, "1_5m": 64, "5_10m": 260, "10_20m": 189, "20_30m": 6, "30_60m": 1, "over_2h": 1, "under_1m": 139}'::jsonb),
  ('UCJbbYCOu7LU2MoFpJKtNK1Q', '2026-04-11T18:18:45.836438+00:00', 657, 657, 3.43, 2.0, 1.0, 953, 963, 657, 656, 657, 656, '{"1_2h": 1, "1_5m": 0, "5_10m": 20, "10_20m": 624, "20_30m": 12, "30_60m": 0, "over_2h": 0, "under_1m": 0}'::jsonb),
  ('UCW9j7IUcGO4kaRSCbQHPq5g', '2026-04-11T02:18:38.674005+00:00', 112, 112, 2.01, 3.5, 4.9, 863, 826, 111, 111, 111, 111, '{"1_2h": 0, "1_5m": 0, "5_10m": 13, "10_20m": 90, "20_30m": 8, "30_60m": 0, "over_2h": 0, "under_1m": 1}'::jsonb),
  ('UCemQFBcmyWIXj5LHpQ8OeAw', '2026-04-12T02:18:37.08704+00:00', 49, 49, 0.87, 8.3, 7.0, 2463, 1623, 39, 32, 39, 32, '{"1_2h": 5, "1_5m": 0, "5_10m": 0, "10_20m": 10, "20_30m": 14, "30_60m": 8, "over_2h": 2, "under_1m": 10}'::jsonb),
  ('UC8KyyhPfL4v2sZGbcGg7b7Q', '2026-04-10T22:18:45.033829+00:00', 686, 686, 1.92, 3.6, 3.0, 2952, 1513, 596, 420, 579, 403, '{"1_2h": 110, "1_5m": 17, "5_10m": 6, "10_20m": 187, "20_30m": 125, "30_60m": 85, "over_2h": 66, "under_1m": 90}'::jsonb),
  ('UC8wrbl5viYtQmRUgdFdf4ew', '2026-04-11T10:18:47.396417+00:00', 823, 823, 8.43, 0.8, 0.9, 972, 1274, 590, 587, 452, 449, '{"1_2h": 2, "1_5m": 138, "5_10m": 46, "10_20m": 20, "20_30m": 383, "30_60m": 0, "over_2h": 1, "under_1m": 233}'::jsonb),
  ('UCSVSJ1OCSv5ClFgKFTHIDew', '2026-04-13T02:19:28.523492+00:00', 3925, 3925, 5.98, 1.2, 1.0, 1250, 261, 3482, 3072, 1628, 1218, '{"1_2h": 353, "1_5m": 1854, "5_10m": 234, "10_20m": 390, "20_30m": 275, "30_60m": 319, "over_2h": 57, "under_1m": 443}'::jsonb),
  ('UC_zKc41jwUVzqQhNHThYVDg', '2026-04-11T14:18:41.516332+00:00', 440, 440, 2.93, 2.4, 2.0, 956, 971, 404, 404, 395, 395, '{"1_2h": 0, "1_5m": 9, "5_10m": 16, "10_20m": 319, "20_30m": 58, "30_60m": 2, "over_2h": 0, "under_1m": 36}'::jsonb),
  ('UCu_gIEWdQl1eEwHL_ompyTQ', '2026-04-12T18:18:39.083908+00:00', 175, 175, 3.4, 2.1, 2.0, 1066, 996, 174, 174, 174, 174, '{"1_2h": 0, "1_5m": 0, "5_10m": 0, "10_20m": 124, "20_30m": 47, "30_60m": 3, "over_2h": 0, "under_1m": 1}'::jsonb),
  ('UCn3AViOfcFN4zIICMC5hvPg', '2026-04-11T22:18:39.041903+00:00', 203, 203, 0.46, 15.4, 14.0, 768, 633, 179, 178, 119, 118, '{"1_2h": 1, "1_5m": 60, "5_10m": 28, "10_20m": 48, "20_30m": 36, "30_60m": 6, "over_2h": 0, "under_1m": 24}'::jsonb),
  ('UCyAifYIumNpXdKJM5O_olVA', '2026-04-13T22:18:36.739829+00:00', 31, 31, 0.05, 144.3, 82.8, 4194, 3297, 31, 18, 29, 16, '{"1_2h": 6, "1_5m": 2, "5_10m": 3, "10_20m": 6, "20_30m": 1, "30_60m": 6, "over_2h": 7, "under_1m": 0}'::jsonb),
  ('UCtRFmSyL4fSLQkn-wMqlmdA', '2026-04-13T22:31:23.610133+00:00', 56, 56, 0.21, 33.9, 32.9, 3481, 3298, 54, 44, 53, 43, '{"1_2h": 7, "1_5m": 1, "5_10m": 0, "10_20m": 0, "20_30m": 3, "30_60m": 40, "over_2h": 3, "under_1m": 2}'::jsonb),
  ('UCHnyfMqiRRG1u-2MsSQLbXA', '2026-04-13T22:40:25.983548+00:00', 495, 495, 0.57, 12.2, 9.1, 716, 461, 469, 468, 304, 303, '{"1_2h": 1, "1_5m": 165, "5_10m": 115, "10_20m": 93, "20_30m": 56, "30_60m": 39, "over_2h": 0, "under_1m": 26}'::jsonb),
  ('UCJHBJ7F-nAIlMGolm0Hu4vg', '2026-04-12T10:18:54.572616+00:00', 1351, 1351, 3.23, 2.2, 2.0, 1247, 972, 827, 794, 811, 778, '{"1_2h": 26, "1_5m": 16, "5_10m": 52, "10_20m": 517, "20_30m": 159, "30_60m": 50, "over_2h": 7, "under_1m": 524}'::jsonb),
  ('UCiN883_X_vnyYnWfuGvcvMA', '2026-04-12T14:18:40.80645+00:00', 395, 395, 3.64, 1.9, 2.0, 2382, 1073, 337, 254, 323, 240, '{"1_2h": 60, "1_5m": 14, "5_10m": 15, "10_20m": 160, "20_30m": 61, "30_60m": 4, "over_2h": 23, "under_1m": 58}'::jsonb),
  ('UCnZeeKO8qVdtkrA4-uKhtTw', '2026-04-14T02:18:35.31387+00:00', 46, 46, 0.09, 78.6, 64.0, 1727, 1513, 35, 32, 33, 30, '{"1_2h": 3, "1_5m": 2, "5_10m": 7, "10_20m": 6, "20_30m": 6, "30_60m": 11, "over_2h": 0, "under_1m": 11}'::jsonb),
  ('UC-Mj4j-Tr648dfJ4ud_Jb2A', '2026-04-13T14:18:35.840548+00:00', 46, 46, 4.42, 1.6, 1.1, 1032, 1026, 46, 46, 46, 46, '{"1_2h": 0, "1_5m": 0, "5_10m": 1, "10_20m": 37, "20_30m": 8, "30_60m": 0, "over_2h": 0, "under_1m": 0}'::jsonb),
  ('UCrv0rZSx_6LWaZVWHWQdnlQ', '2026-04-08T22:20:09.961448+00:00', 3992, 3992, 0.93, 7.5, 3.0, 673, 594, 441, 437, 308, 304, '{"1_2h": 4, "1_5m": 133, "5_10m": 92, "10_20m": 175, "20_30m": 14, "30_60m": 23, "over_2h": 0, "under_1m": 3551}'::jsonb),
  ('UCm99c6g9MKBL4lNTlWrjyFQ', '2026-04-13T10:19:23.672959+00:00', 3171, 3171, 4.71, 1.5, 1.0, 865, 768, 3060, 3054, 2842, 2836, '{"1_2h": 6, "1_5m": 218, "5_10m": 555, "10_20m": 1711, "20_30m": 473, "30_60m": 97, "over_2h": 0, "under_1m": 111}'::jsonb),
  ('UChsrh0uLB7-HWLRcTJ2X30w', '2026-04-13T19:22:44.58113+00:00', 1602, 1602, 3.72, 1.9, 1.0, 571, 497, 1592, 1589, 1582, 1579, '{"1_2h": 2, "1_5m": 10, "5_10m": 1227, "10_20m": 347, "20_30m": 4, "30_60m": 1, "over_2h": 1, "under_1m": 10}'::jsonb),
  ('UCtUbO6rBht0daVIOGML3c8w', '2026-04-14T03:18:41.521279+00:00', 76, 76, 0.14, 51.8, 54.9, 2249, 1929, 73, 62, 62, 51, '{"1_2h": 10, "1_5m": 11, "5_10m": 0, "10_20m": 8, "20_30m": 16, "30_60m": 27, "over_2h": 1, "under_1m": 3}'::jsonb),
  ('UCLvjR-bH8y_XUqjavoPGgYw', '2026-04-14T06:19:18.505344+00:00', 2596, 2596, 5.19, 1.3, 1.0, 2788, 670, 1965, 1706, 1390, 1131, '{"1_2h": 49, "1_5m": 575, "5_10m": 90, "10_20m": 585, "20_30m": 28, "30_60m": 428, "over_2h": 210, "under_1m": 631}'::jsonb),
  ('UCGfFUc6eWxfbtjYeun6r9xg', '2026-04-14T10:18:40.753893+00:00', 330, 330, 0.49, 14.3, 3.1, 683, 597, 288, 288, 241, 241, '{"1_2h": 0, "1_5m": 47, "5_10m": 101, "10_20m": 104, "20_30m": 28, "30_60m": 8, "over_2h": 0, "under_1m": 42}'::jsonb),
  ('UCPzIK6Bgv94MuhFXfHzdXmw', '2026-04-04T09:02:12.564679+00:00', 66, 66, 0.92, 7.7, 7.0, 4844, 4552, 66, 3, 66, 3, '{"1_2h": 60, "1_5m": 0, "5_10m": 0, "10_20m": 0, "20_30m": 0, "30_60m": 3, "over_2h": 3, "under_1m": 0}'::jsonb),
  ('UCPIavfNa4DTfHXDBaFOHuKA', '2026-04-10T02:18:43.830528+00:00', 478, 478, 0.82, 8.6, 7.0, 605, 491, 411, 410, 332, 331, '{"1_2h": 1, "1_5m": 79, "5_10m": 194, "10_20m": 99, "20_30m": 33, "30_60m": 5, "over_2h": 0, "under_1m": 67}'::jsonb),
  ('UCUe6ZpY6TJ0no8jI4l2iLxw', '2026-04-12T22:20:01.992316+00:00', 6508, 6508, 8.57, 0.8, 0.7, 753, 254, 5938, 5604, 2157, 1823, '{"1_2h": 241, "1_5m": 3781, "5_10m": 869, "10_20m": 302, "20_30m": 264, "30_60m": 386, "over_2h": 95, "under_1m": 570}'::jsonb),
  ('UCaEb7kPgpldLuEzCRzFXsLw', '2026-04-13T06:19:07.533277+00:00', 2360, 2360, 4.61, 1.5, 1.0, 2049, 717, 2172, 1680, 1359, 867, '{"1_2h": 350, "1_5m": 813, "5_10m": 223, "10_20m": 278, "20_30m": 126, "30_60m": 238, "over_2h": 144, "under_1m": 188}'::jsonb);

-- profiles: 3 rows
INSERT INTO pradotube.profiles (user_id, role, display_name, created_at) VALUES
  ('382216bc-55c8-42a1-aad3-93933987fd75', 'admin', 'Jose', '2026-03-25T16:39:17.959322+00:00'),
  ('84fbc142-1875-4ae1-a986-0a15443e6cfc', 'member', 'Luis', '2026-03-25T16:39:17.959322+00:00'),
  ('5818b086-3924-4ee9-991f-4f8f4db183aa', 'member', 'Ellie', '2026-03-25T16:39:17.959322+00:00');

-- user_subscriptions: 52 rows
INSERT INTO pradotube.user_subscriptions (id, user_id, creator_id, created_at) VALUES
  ('cc7cf5fa-78b6-40d0-8ee3-5534c3760ddb', '382216bc-55c8-42a1-aad3-93933987fd75', '2512afac-bac0-4551-8b12-530440ff9235', '2026-03-25T16:54:43.567824+00:00'),
  ('a28597ed-7c5b-434e-a2f9-97e7f2508185', '382216bc-55c8-42a1-aad3-93933987fd75', '25c75e6a-72b1-4ddf-900a-f222d4d50aa8', '2026-03-25T16:54:46.697197+00:00'),
  ('776907b9-2474-4f1c-88a0-541cd871d49e', '5818b086-3924-4ee9-991f-4f8f4db183aa', '60fb5327-66cc-4624-bdf6-945f40ddb7c8', '2026-03-29T17:08:34.822202+00:00'),
  ('5889c4e1-ea8e-4fe5-9a2b-e97763bdbe30', '5818b086-3924-4ee9-991f-4f8f4db183aa', 'e0579eb0-45d5-496b-8260-bfff7fe00cf1', '2026-03-29T17:08:35.638335+00:00'),
  ('4146a569-6db8-4462-a136-d841b9aa9710', '5818b086-3924-4ee9-991f-4f8f4db183aa', 'a01650a5-f8e5-4507-8026-6a61e7f2cea9', '2026-03-29T17:08:36.053009+00:00'),
  ('518281cf-9fac-4481-baeb-98b94bbcd5f3', '5818b086-3924-4ee9-991f-4f8f4db183aa', '319ed197-dba0-4027-9ba8-abd2309d529a', '2026-03-29T17:08:37.550398+00:00'),
  ('978527cb-84d7-441b-a423-7ccc075b38f8', '5818b086-3924-4ee9-991f-4f8f4db183aa', '6e919b11-d338-478c-94a1-43864e23c3c7', '2026-03-29T17:08:39.575323+00:00'),
  ('60d9ab18-7de7-4b41-964b-fdb5c23c4233', '5818b086-3924-4ee9-991f-4f8f4db183aa', 'b58025c1-13af-4b5f-a7f0-edcc77cd9cfa', '2026-03-29T17:08:39.85555+00:00'),
  ('5549b774-4f16-4702-b553-ff4183d2db8b', '5818b086-3924-4ee9-991f-4f8f4db183aa', 'fa4e2b46-3e64-4f1b-83f8-ac07ab2b0706', '2026-03-29T17:08:40.153366+00:00'),
  ('6ec6782d-820c-4bbc-bffa-fbd680f07124', '5818b086-3924-4ee9-991f-4f8f4db183aa', '7a2a74d7-0ff2-4d86-8e77-bce0ab003c10', '2026-03-29T17:08:40.802128+00:00'),
  ('6f261812-eca2-4eb5-9324-de6dc95d1e56', '5818b086-3924-4ee9-991f-4f8f4db183aa', 'e928b108-64d3-47f1-84ac-24f66bbfb1b4', '2026-03-29T17:08:41.353141+00:00'),
  ('a863c03b-f07c-4f21-a322-6ff89757e789', '5818b086-3924-4ee9-991f-4f8f4db183aa', 'b289c9ea-a4b8-4aa7-894a-32b6e9aaefcd', '2026-03-29T17:08:44.466785+00:00'),
  ('15d8c7ba-cce6-4eba-ae6d-2b8846650a95', '5818b086-3924-4ee9-991f-4f8f4db183aa', '44cf0cf2-ff55-4f25-803f-9dce1f02f2e2', '2026-03-29T17:08:45.898559+00:00'),
  ('f6524a82-8e2c-4f7e-9f72-4c1bd4287757', '5818b086-3924-4ee9-991f-4f8f4db183aa', '3a9952b8-2f02-44d0-9efe-4a3c6e64bb9a', '2026-03-29T17:08:46.85469+00:00'),
  ('4a2d50eb-7929-4fba-92a7-f25846c37126', '5818b086-3924-4ee9-991f-4f8f4db183aa', '225e5e41-0658-43ba-8de6-27d25c806d61', '2026-03-29T17:08:47.653166+00:00'),
  ('15e5067f-df9c-4087-b048-8ca573b3503e', '5818b086-3924-4ee9-991f-4f8f4db183aa', '0365ad6f-cfa3-4941-a374-81fa0c914dbc', '2026-03-29T17:08:47.976156+00:00'),
  ('2872c7a9-e6ea-49d9-9cc3-cdb1c52d9a9c', '5818b086-3924-4ee9-991f-4f8f4db183aa', '9cc3c1c8-7332-4482-9e97-bffe65eb3e8d', '2026-03-29T17:08:49.133427+00:00'),
  ('adaf0283-dd71-4c77-950b-0b576144da9b', '5818b086-3924-4ee9-991f-4f8f4db183aa', '56272495-9e05-483d-a79f-18d9ebbc37e8', '2026-03-29T17:08:51.100034+00:00'),
  ('6190bcdc-8f4f-4d74-9447-a75b3f0a4cc0', '5818b086-3924-4ee9-991f-4f8f4db183aa', '2303fe44-6971-48c7-aaa1-26a704980541', '2026-03-29T17:08:51.71658+00:00'),
  ('9588ad40-76af-47ab-bf04-62a7c62e6da2', '5818b086-3924-4ee9-991f-4f8f4db183aa', 'a3d50a67-e7d3-46fa-a290-541e7245e461', '2026-03-29T17:08:52.503803+00:00'),
  ('b347c013-2da5-4ac5-8c97-f1a6a4d0f074', '5818b086-3924-4ee9-991f-4f8f4db183aa', '59bd95b1-37f0-4459-ace0-490a9d584379', '2026-03-29T17:08:53.674337+00:00'),
  ('57a6e16a-8b18-47a4-90d3-27e25fd68f7d', '5818b086-3924-4ee9-991f-4f8f4db183aa', '62cac2dd-c58b-4abf-8d73-64da34688ae7', '2026-03-29T17:08:54.050013+00:00'),
  ('c09a5aec-437e-49fa-8a2a-208c61ff748a', '84fbc142-1875-4ae1-a986-0a15443e6cfc', 'b66ed461-dbcc-4481-81a5-4f8f451a3eab', '2026-03-29T17:08:55.277186+00:00'),
  ('18264cf6-8047-4d9a-aa1d-0b2cfc6c4c02', '84fbc142-1875-4ae1-a986-0a15443e6cfc', '60fb5327-66cc-4624-bdf6-945f40ddb7c8', '2026-03-29T17:08:56.171945+00:00'),
  ('b3bdfcb1-7b9f-440b-b1a3-09579cc80b18', '84fbc142-1875-4ae1-a986-0a15443e6cfc', 'e0579eb0-45d5-496b-8260-bfff7fe00cf1', '2026-03-29T17:08:56.602646+00:00'),
  ('94f02772-9ce7-47a2-b6ee-e952dac6750f', '84fbc142-1875-4ae1-a986-0a15443e6cfc', 'a01650a5-f8e5-4507-8026-6a61e7f2cea9', '2026-03-29T17:08:56.947182+00:00'),
  ('7dd87457-f648-4a49-a2ac-af1fc853d2d8', '84fbc142-1875-4ae1-a986-0a15443e6cfc', 'f9f579a2-892b-4b0e-925d-2a21cde42344', '2026-03-29T17:08:57.439486+00:00'),
  ('4dd9fa0f-e5e4-4309-8ee6-bc2627a44ac0', '84fbc142-1875-4ae1-a986-0a15443e6cfc', '7a2a74d7-0ff2-4d86-8e77-bce0ab003c10', '2026-03-29T17:08:58.142136+00:00'),
  ('70593ddb-de14-46f4-baa7-84044732bb7a', '84fbc142-1875-4ae1-a986-0a15443e6cfc', 'fa4e2b46-3e64-4f1b-83f8-ac07ab2b0706', '2026-03-29T17:08:58.608326+00:00'),
  ('f70e71e4-e798-49e9-937a-b9cacc711f82', '84fbc142-1875-4ae1-a986-0a15443e6cfc', 'b58025c1-13af-4b5f-a7f0-edcc77cd9cfa', '2026-03-29T17:08:59.006862+00:00'),
  ('2d24dcc4-0a45-4761-b6a5-acba82938636', '84fbc142-1875-4ae1-a986-0a15443e6cfc', '6e919b11-d338-478c-94a1-43864e23c3c7', '2026-03-29T17:08:59.437948+00:00'),
  ('4c00514d-c4b4-404a-8444-62d41f77a2a7', '84fbc142-1875-4ae1-a986-0a15443e6cfc', '319ed197-dba0-4027-9ba8-abd2309d529a', '2026-03-29T17:08:59.81989+00:00'),
  ('aadb2c79-18e7-4d8e-ab3d-97e5ffa20b26', '84fbc142-1875-4ae1-a986-0a15443e6cfc', 'b289c9ea-a4b8-4aa7-894a-32b6e9aaefcd', '2026-03-29T17:09:01.281694+00:00'),
  ('cf11af56-060d-432c-b617-f7213a30240f', '84fbc142-1875-4ae1-a986-0a15443e6cfc', 'c3a04fc3-8e37-446c-9734-dcfd830651ad', '2026-03-29T17:09:02.166109+00:00'),
  ('e8ed71fa-f8cf-46e0-b453-c891f3c0f459', '84fbc142-1875-4ae1-a986-0a15443e6cfc', 'e928b108-64d3-47f1-84ac-24f66bbfb1b4', '2026-03-29T17:09:03.210273+00:00'),
  ('6ffe2317-f1c8-4416-b048-17cb771b9b94', '84fbc142-1875-4ae1-a986-0a15443e6cfc', 'eae6031a-f142-4597-8c03-b74a930612c5', '2026-03-29T17:09:03.706584+00:00'),
  ('1116ed4d-50a8-424a-b5c0-738468d79d20', '84fbc142-1875-4ae1-a986-0a15443e6cfc', '0365ad6f-cfa3-4941-a374-81fa0c914dbc', '2026-03-29T17:09:04.219048+00:00'),
  ('206dec5a-dbcb-4a34-aced-94486a32d6af', '84fbc142-1875-4ae1-a986-0a15443e6cfc', '225e5e41-0658-43ba-8de6-27d25c806d61', '2026-03-29T17:09:04.629291+00:00'),
  ('24a445bf-aee3-4c28-9e83-6d6286d95e6a', '84fbc142-1875-4ae1-a986-0a15443e6cfc', '3a9952b8-2f02-44d0-9efe-4a3c6e64bb9a', '2026-03-29T17:09:04.991542+00:00'),
  ('98c211cf-0f9c-4340-a6ba-840bf51e2877', '84fbc142-1875-4ae1-a986-0a15443e6cfc', '44cf0cf2-ff55-4f25-803f-9dce1f02f2e2', '2026-03-29T17:09:05.359923+00:00'),
  ('61f2181f-43b0-46af-977b-18d5f4968f2e', '84fbc142-1875-4ae1-a986-0a15443e6cfc', 'a3d50a67-e7d3-46fa-a290-541e7245e461', '2026-03-29T17:09:05.712904+00:00'),
  ('21965f9a-6a82-4b6d-a725-dc8de21c49e8', '84fbc142-1875-4ae1-a986-0a15443e6cfc', '2303fe44-6971-48c7-aaa1-26a704980541', '2026-03-29T17:09:06.093158+00:00'),
  ('2a831c62-ddee-4f24-84fb-d6850e7800ea', '84fbc142-1875-4ae1-a986-0a15443e6cfc', '43bc5d03-6498-4f70-9a54-bf08f2467251', '2026-03-29T17:09:06.453265+00:00'),
  ('2509666f-9576-4c5f-bd4a-11a918a45ea6', '84fbc142-1875-4ae1-a986-0a15443e6cfc', '56272495-9e05-483d-a79f-18d9ebbc37e8', '2026-03-29T17:09:06.938085+00:00'),
  ('625ae16f-64b0-4d77-8c87-8f4368cbef28', '84fbc142-1875-4ae1-a986-0a15443e6cfc', '9cc3c1c8-7332-4482-9e97-bffe65eb3e8d', '2026-03-29T17:09:07.350982+00:00'),
  ('45f00352-c745-4d40-a9d3-71bf8fd93819', '84fbc142-1875-4ae1-a986-0a15443e6cfc', '62cac2dd-c58b-4abf-8d73-64da34688ae7', '2026-03-29T17:09:07.923127+00:00'),
  ('1e91717b-059c-4aa1-9986-1b0051b67683', '84fbc142-1875-4ae1-a986-0a15443e6cfc', '59bd95b1-37f0-4459-ace0-490a9d584379', '2026-03-29T17:09:08.279382+00:00'),
  ('7924dd5c-dd7d-4dbe-9848-f2561f3dee76', '84fbc142-1875-4ae1-a986-0a15443e6cfc', '03976c43-0e62-4603-bd94-0b531af336b4', '2026-03-29T17:09:08.712083+00:00'),
  ('a667c48f-2c68-4abe-83d8-a80164d8b0c6', '382216bc-55c8-42a1-aad3-93933987fd75', '1257641a-ac14-4d76-9f1e-e86be3cc3330', '2026-03-29T17:25:44.078683+00:00'),
  ('3322f263-df31-4a15-8e07-ada6ef425604', '382216bc-55c8-42a1-aad3-93933987fd75', '311831ee-193e-4384-b3c8-5917a813348f', '2026-03-29T17:25:45.649846+00:00'),
  ('49537552-0ae3-41a6-a926-a5d58ab7507a', '382216bc-55c8-42a1-aad3-93933987fd75', '0aae58ea-3909-4962-adf2-56dad25ca78f', '2026-03-29T17:25:53.999463+00:00'),
  ('528b5bc8-8450-47bb-a77e-753f4eb8b8bd', '382216bc-55c8-42a1-aad3-93933987fd75', '8a0d4d85-bede-44d1-a8eb-13e0db12285c', '2026-03-29T17:25:55.78676+00:00');

-- watch_sessions: 18 rows
INSERT INTO pradotube.watch_sessions (id, user_id, video_id, watched_ranges, unique_seconds, total_watch_time, duration_seconds, last_position, completed, source, previous_video_id, session_start, session_end, created_at, updated_at) VALUES
  ('20c02b0d-e9cd-4a3c-9f5b-afe50c6506aa', '382216bc-55c8-42a1-aad3-93933987fd75', 'P-O9PIStYdI', '[[0, 55], [230, 245]]'::jsonb, 70, 150, 1256, 245, false, 'feed', NULL, '2026-04-02T23:44:16.531643+00:00', '2026-04-02T23:44:42.066275+00:00', '2026-04-02T23:44:16.531643+00:00', '2026-04-02T23:44:42.066275+00:00'),
  ('1ebb5801-fcc7-4973-ab76-f53efd873155', '382216bc-55c8-42a1-aad3-93933987fd75', 'pf7Yxsrt0Qw', '[[0, 5]]'::jsonb, 5, 15, 3254, 5, false, 'feed', NULL, '2026-04-04T18:16:26.224607+00:00', '2026-04-04T18:16:26.224607+00:00', '2026-04-04T18:16:26.224607+00:00', '2026-04-04T18:16:26.224607+00:00'),
  ('812a74bc-04de-40a8-b942-aca6b8b771db', '84fbc142-1875-4ae1-a986-0a15443e6cfc', 'JmojdV5RdCk', '[[0, 10]]'::jsonb, 10, 20, 706, 10, false, 'feed', NULL, '2026-04-08T20:57:16.718354+00:00', '2026-04-08T20:57:16.718354+00:00', '2026-04-08T20:57:16.718354+00:00', '2026-04-08T20:57:16.718354+00:00'),
  ('4cf41f8f-0ce8-446d-bffb-c7356d07353b', '84fbc142-1875-4ae1-a986-0a15443e6cfc', 'JmojdV5RdCk', '[[0, 0]]'::jsonb, 0, 10, 706, 0, false, 'feed', NULL, '2026-04-08T20:57:27.603237+00:00', '2026-04-08T20:57:27.603237+00:00', '2026-04-08T20:57:27.603237+00:00', '2026-04-08T20:57:27.603237+00:00'),
  ('146c2b56-a374-4fde-812d-590e4514543d', '84fbc142-1875-4ae1-a986-0a15443e6cfc', 'JmojdV5RdCk', '[[0, 5]]'::jsonb, 5, 15, 706, 5, false, 'feed', NULL, '2026-04-08T20:58:50.80685+00:00', '2026-04-08T20:58:50.80685+00:00', '2026-04-08T20:58:50.80685+00:00', '2026-04-08T20:58:50.80685+00:00'),
  ('6511f343-ffdf-4994-9fa0-70f59dfb1214', '84fbc142-1875-4ae1-a986-0a15443e6cfc', 'JmojdV5RdCk', '[[0, 10]]'::jsonb, 10, 20, 706, 10, false, 'feed', NULL, '2026-04-08T20:59:12.945757+00:00', '2026-04-08T20:59:12.945757+00:00', '2026-04-08T20:59:12.945757+00:00', '2026-04-08T20:59:12.945757+00:00'),
  ('ecbb8b85-23eb-4cd2-b471-eaa1c924ffb6', '84fbc142-1875-4ae1-a986-0a15443e6cfc', 'JmojdV5RdCk', '[[0, 45]]'::jsonb, 45, 60, 706, 45, false, 'feed', NULL, '2026-04-08T21:00:38.379554+00:00', '2026-04-08T21:01:15.595465+00:00', '2026-04-08T21:00:38.379554+00:00', '2026-04-08T21:01:15.595465+00:00'),
  ('a730001d-3069-444c-98f0-87269846476f', '84fbc142-1875-4ae1-a986-0a15443e6cfc', 'YGLmxf32bpI', '[[0, 0]]'::jsonb, 0, 10, 753, 0, false, 'feed', NULL, '2026-04-08T21:01:26.549239+00:00', '2026-04-08T21:01:26.549239+00:00', '2026-04-08T21:01:26.549239+00:00', '2026-04-08T21:01:26.549239+00:00'),
  ('a1133eed-37d9-47e0-961f-c7cf972cace8', '84fbc142-1875-4ae1-a986-0a15443e6cfc', 'JmojdV5RdCk', '[[45, 75]]'::jsonb, 30, 45, 706, 75, false, 'feed', NULL, '2026-04-08T21:01:59.919231+00:00', '2026-04-08T21:02:16.010751+00:00', '2026-04-08T21:01:59.919231+00:00', '2026-04-08T21:02:16.010751+00:00'),
  ('2e40b5d6-bea3-43ea-ab35-04b7b56543c2', '382216bc-55c8-42a1-aad3-93933987fd75', 'l2HwojMGaTw', '[[0, 7110]]'::jsonb, 7110, 7125, 7111, 7110, true, 'feed', NULL, '2026-03-29T05:05:09.426592+00:00', '2026-03-29T07:03:29.438436+00:00', '2026-03-29T05:05:09.426592+00:00', '2026-03-29T07:03:29.438436+00:00'),
  ('969a5395-4fa3-47f9-9f09-bd4406fe9c2b', '382216bc-55c8-42a1-aad3-93933987fd75', 'eQWp2-tz7Nc', '[[0, 0]]'::jsonb, 0, 10, 1503, 0, false, 'feed', NULL, '2026-03-29T16:07:03.871853+00:00', '2026-03-29T16:07:03.871853+00:00', '2026-03-29T16:07:03.871853+00:00', '2026-03-29T16:07:03.871853+00:00'),
  ('cc7ee719-e965-478a-8c1b-10373e7bbc7c', '84fbc142-1875-4ae1-a986-0a15443e6cfc', 'JmojdV5RdCk', '[[75, 364]]'::jsonb, 289, 310, 706, 364, false, 'feed', NULL, '2026-04-08T21:02:32.569814+00:00', '2026-04-08T21:13:34.391965+00:00', '2026-04-08T21:02:32.569814+00:00', '2026-04-08T21:13:34.391965+00:00'),
  ('3b855e02-9f74-4fe4-9b9f-9ed14cb0c4cf', '382216bc-55c8-42a1-aad3-93933987fd75', 'eQWp2-tz7Nc', '[[0, 20]]'::jsonb, 20, 30, 1503, 20, false, 'feed', NULL, '2026-03-29T16:32:38.673051+00:00', '2026-03-29T16:32:44.750218+00:00', '2026-03-29T16:32:38.673051+00:00', '2026-03-29T16:32:44.750218+00:00'),
  ('666918c6-d348-4114-9ccb-ee5059eba617', '84fbc142-1875-4ae1-a986-0a15443e6cfc', 'Siv5iZy0Slk', '[[0, 0]]'::jsonb, 0, 10, 1024, 0, false, 'up_next_tap', 'JmojdV5RdCk', '2026-04-08T21:13:38.160668+00:00', '2026-04-08T21:13:38.160668+00:00', '2026-04-08T21:13:38.160668+00:00', '2026-04-08T21:13:38.160668+00:00'),
  ('621f70da-1880-4891-b9f6-8ff4f4690979', '382216bc-55c8-42a1-aad3-93933987fd75', 'eQWp2-tz7Nc', '[[16, 21]]'::jsonb, 5, 30, 1503, 21, false, 'feed', NULL, '2026-03-29T16:37:55.880388+00:00', '2026-03-29T16:37:55.880388+00:00', '2026-03-29T16:37:55.880388+00:00', '2026-03-29T16:37:55.880388+00:00'),
  ('6c2a497d-f551-4ddd-9cde-b4297d2364c9', '382216bc-55c8-42a1-aad3-93933987fd75', 'eQWp2-tz7Nc', '[[16, 21], [56, 56], [317, 322], [355, 355], [580, 585]]'::jsonb, 15, 140, 1503, 585, false, 'feed', NULL, '2026-03-29T16:37:55.677727+00:00', '2026-03-29T16:38:02.130706+00:00', '2026-03-29T16:37:55.677727+00:00', '2026-03-29T16:38:02.130706+00:00'),
  ('8f5c28f6-5de5-4f6d-804f-c8a97a1ddb37', '382216bc-55c8-42a1-aad3-93933987fd75', '41hft__gwvY', '[[0, 0]]'::jsonb, 0, 10, 4758, 0, false, 'feed', NULL, '2026-04-02T23:10:18.704434+00:00', '2026-04-02T23:10:18.704434+00:00', '2026-04-02T23:10:18.704434+00:00', '2026-04-02T23:10:18.704434+00:00'),
  ('2a5786ac-9ed7-4333-b6cf-c8797fc383fa', '382216bc-55c8-42a1-aad3-93933987fd75', '41hft__gwvY', '[[0, 20]]'::jsonb, 20, 30, 4758, 20, false, 'feed', NULL, '2026-04-02T23:44:01.002844+00:00', '2026-04-02T23:44:10.273509+00:00', '2026-04-02T23:44:01.002844+00:00', '2026-04-02T23:44:10.273509+00:00');

COMMIT;
